time,pHs0,pT02,pT24,trajectory
2025-06-19 00:23:20,0.03692464994511324,10.116406667657994,4.5710164132763245,2025_IWOOS_id5
2025-06-19 02:23:01,0.04604106460797518,7.345101987477111,3.765164100849019,2025_IWOOS_id5
2025-06-19 04:22:58,0.045084385157321216,7.233741366380509,3.897092899063724,2025_IWOOS_id5
2025-06-19 06:23:04,0.09636164726295639,10.72953153752309,4.788597399059056,2025_IWOOS_id5
2025-06-19 08:23:31,0.12173871961559327,12.004660000358886,5.379289313206723,2025_IWOOS_id5
2025-06-19 10:23:08,0.12178522341600152,11.86206999900861,5.468765260581459,2025_IWOOS_id5
2025-06-19 12:23:26,0.12294969808165812,14.73617329312761,8.59358131701416,2025_IWOOS_id5
2025-06-19 14:22:59,0.13524573308536114,16.646133516999676,12.009079714146056,2025_IWOOS_id5
2025-06-19 16:22:59,0.06015412990398589,14.795516538476356,6.524773710516126,2025_IWOOS_id5
2025-06-19 18:22:55,0.1125330099426346,14.900201928403469,5.548589050976654,2025_IWOOS_id5
2025-06-19 20:23:01,0.11664115827815044,15.093749026307016,6.759037817994816,2025_IWOOS_id5
2025-06-19 22:22:58,0.1272195664243316,14.149873901697433,5.90506194990604,2025_IWOOS_id5
2025-06-20 00:23:23,0.11847504220096244,12.142956668889024,5.352438520626295,2025_IWOOS_id5
2025-06-20 02:23:29,0.10012070222634502,12.041698185127634,5.074732688689642,2025_IWOOS_id5
2025-06-20 04:23:33,0.043030533025770715,10.431907076917685,4.861568821607322,2025_IWOOS_id5
2025-06-20 06:23:30,0.03005343776633429,8.684464710921736,5.658358814144981,2025_IWOOS_id5
2025-06-20 08:23:35,0.20006736774911893,18.456335449104014,13.881676856415107,2025_IWOOS_id5
2025-06-20 10:22:56,0.17027203361762894,9.29509075433918,4.575739649666094,2025_IWOOS_id5
2025-06-20 12:23:57,0.20288190583868326,8.624877531765256,3.9650764885931293,2025_IWOOS_id5
2025-06-20 14:23:30,0.27729065025331134,10.366001644195116,4.228859422462713,2025_IWOOS_id5
2025-06-20 16:23:22,0.2334611432125895,9.963016583744105,4.237181171049808,2025_IWOOS_id5
2025-06-20 18:22:55,0.28683363780211657,11.813062078961476,4.70895482716032,2025_IWOOS_id5
2025-06-20 20:23:58,0.23177073406201595,8.644628398249422,4.068190211364652,2025_IWOOS_id5
2025-06-20 22:22:53,0.22002423889078507,8.630922399628401,3.990389607267258,2025_IWOOS_id5
2025-06-21 00:22:54,0.2772845042262428,8.643832242631898,3.934515944319398,2025_IWOOS_id5
2025-06-21 02:27:45,0.1990511834255145,10.635887075494173,4.569887815078207,2025_IWOOS_id5
2025-06-21 04:22:52,0.18187574305254325,12.300651810497524,5.154144045042896,2025_IWOOS_id5
2025-06-21 06:24:04,0.05109610660049824,7.4209068718998665,5.172751408631093,2025_IWOOS_id5
2025-06-21 08:23:31,0.08074419342687358,13.821224504094422,6.936965138299339,2025_IWOOS_id5
2025-06-21 10:22:56,0.12218166285024853,14.599614156715859,8.403176098190993,2025_IWOOS_id5
2025-06-21 12:23:16,0.13231265773993484,14.171567357318887,7.2030570242714385,2025_IWOOS_id5
2025-06-21 14:22:59,0.11448448643500767,10.485766445680666,5.092765624163257,2025_IWOOS_id5
2025-06-21 16:23:31,0.17989899638648071,10.90600203914949,4.670276987139849,2025_IWOOS_id5
2025-06-21 18:23:18,0.20694842969617913,10.540588519256133,4.412555330725585,2025_IWOOS_id5
2025-06-21 20:23:28,0.14295633811917044,7.705602655449797,4.131286623628276,2025_IWOOS_id5
2025-06-21 22:22:37,0.15035914778963566,10.305586529707691,4.465878204359551,2025_IWOOS_id5
2025-06-22 00:23:50,0.09305663867978621,6.135770926003488,3.818596355099437,2025_IWOOS_id5
2025-06-22 02:23:06,0.1537345818435359,8.936502348180845,4.093315078147823,2025_IWOOS_id5
2025-06-22 04:25:20,0.17932911588012654,12.19667285390982,5.074916704685835,2025_IWOOS_id5
2025-06-22 06:23:31,0.0967832994565103,10.893847108391878,4.94524489496581,2025_IWOOS_id5
2025-06-22 08:23:25,0.11433214773333919,13.633409441938078,5.7725740000339885,2025_IWOOS_id5
2025-06-22 10:28:38,0.055895599874828346,11.373880944644265,5.806622606878977,2025_IWOOS_id5
2025-06-22 12:23:00,0.03183447245057372,4.883062443669546,3.8965807617726145,2025_IWOOS_id5
2025-06-22 14:22:59,0.04436938232947923,9.983551525043906,6.648477887956652,2025_IWOOS_id5
2025-06-22 16:23:24,0.020036676404434683,7.871013792616015,6.0908002383449364,2025_IWOOS_id5
2025-06-22 18:22:58,0.045629563433115174,12.491312115521167,6.913298476385852,2025_IWOOS_id5
2025-06-22 20:23:05,0.019690942827998704,6.662232577362009,5.505278474020705,2025_IWOOS_id5
2025-06-22 22:22:58,0.04436718664892151,11.348206214809428,6.704305183879722,2025_IWOOS_id5
2025-06-23 00:23:25,0.08387551200250816,14.270490669525573,8.447592825550087,2025_IWOOS_id5
2025-06-23 02:23:22,0.05096271508794772,11.23394286851097,6.309550307719463,2025_IWOOS_id5
2025-06-23 04:22:56,0.07884288831105099,13.665570371030142,7.161518174000968,2025_IWOOS_id5
2025-06-23 06:23:00,0.06225542317726149,13.394207712768676,7.959904681310431,2025_IWOOS_id5
2025-06-23 08:23:00,0.05623688337141174,7.096695917076632,4.180495073247174,2025_IWOOS_id5
2025-06-23 10:23:47,0.08081088423405446,14.064774470237623,7.869593911485678,2025_IWOOS_id5
2025-06-23 12:22:58,0.1191072797591126,15.270700297541714,9.323879214835902,2025_IWOOS_id5
2025-06-23 14:23:18,0.08465488600055113,14.525431913250506,8.563134294521298,2025_IWOOS_id5
2025-06-23 16:22:57,0.14742637884914353,14.541820540310557,7.723653815480199,2025_IWOOS_id5
2025-06-23 18:23:00,0.10192512312711871,12.231986087874644,5.377682734004693,2025_IWOOS_id5
2025-06-23 20:22:59,0.09930090399892084,11.401003750790183,5.069318519169775,2025_IWOOS_id5
2025-06-23 22:23:30,0.11578387186328674,13.545346431660885,5.917997356077645,2025_IWOOS_id5
2025-06-24 00:23:21,0.12197819589181516,12.894927795498145,5.634340313613862,2025_IWOOS_id5
2025-06-24 02:23:26,0.06405962815043605,8.486035587190738,4.594233953522083,2025_IWOOS_id5
2025-06-24 04:23:21,0.11007058040474145,10.248797014837944,4.199142665598151,2025_IWOOS_id5
2025-06-24 06:23:23,0.06962802767058794,11.579068392890854,5.316954154322731,2025_IWOOS_id5
2025-06-24 08:23:32,0.11639617772163754,15.179766651133994,8.53390206034108,2025_IWOOS_id5
2025-06-24 10:23:24,0.12557344341620155,15.329629742819575,9.032305504393515,2025_IWOOS_id5
2025-06-24 12:23:38,0.0769062215180738,13.660282058625247,7.943538319380525,2025_IWOOS_id5
2025-06-24 14:24:28,0.060044521743302125,13.254016415845788,6.30282731720412,2025_IWOOS_id5
2025-06-24 16:22:59,0.026226026924512133,12.085285239261548,6.046037898152107,2025_IWOOS_id5
2025-06-24 18:23:03,0.020664005527404012,10.079004012607747,5.339861955468122,2025_IWOOS_id5
2025-06-24 20:22:56,0.11248749503095967,13.845508603815384,8.052274966334373,2025_IWOOS_id5
2025-06-24 22:23:18,0.06555675819652834,10.40617492106371,6.646546017349304,2025_IWOOS_id5
2025-06-25 00:23:23,0.12247334452106197,14.911844271298373,9.58043435764884,2025_IWOOS_id5
2025-06-25 02:23:01,0.1842114366747947,14.886432171417335,9.721897807307307,2025_IWOOS_id5
2025-06-25 04:24:04,0.0931141726289744,12.839530830991793,5.69888970768391,2025_IWOOS_id5
2025-06-25 06:22:55,0.11605610330058685,12.71738914025991,5.721153202382513,2025_IWOOS_id5
2025-06-25 08:22:56,0.06875828085183971,14.211564534559407,7.285313124699018,2025_IWOOS_id5
2025-06-25 10:23:27,0.12004885035300966,13.772358303713842,5.861120338645991,2025_IWOOS_id5
2025-06-25 12:23:03,0.09174141137279443,13.4582395882176,6.938496015228685,2025_IWOOS_id5
2025-06-25 14:22:57,0.16225634478393866,14.278623368492704,7.443784818581829,2025_IWOOS_id5
2025-06-25 16:23:54,0.13843833263063815,8.658890697368458,3.965976941609664,2025_IWOOS_id5
2025-06-25 18:23:15,0.11086723012806399,6.265364692029081,3.812614032642002,2025_IWOOS_id5
2025-06-25 20:22:55,0.13316156760556253,8.53730924240962,4.18475612106258,2025_IWOOS_id5
2025-06-25 20:22:55,0.13316156760556253,8.53730924240962,4.18475612106258,2025_IWOOS_id5
2025-06-25 22:22:49,0.15897687524411538,12.171311158810035,5.075484737892739,2025_IWOOS_id5
2025-06-26 00:23:27,0.09390172452208326,11.531151340827613,4.964476598529402,2025_IWOOS_id5
2025-06-26 02:23:00,0.04221685349259391,10.42329503070802,4.7366783695298516,2025_IWOOS_id5
2025-06-26 04:22:53,0.019215508221606236,7.760422651012794,5.312199494791364,2025_IWOOS_id5
2025-06-26 06:22:57,0.01645050673442341,5.824684204549234,4.6508837652596045,2025_IWOOS_id5
2025-06-26 08:23:03,0.013379061268654542,5.846756087796644,4.020448778865255,2025_IWOOS_id5
2025-06-26 10:23:02,0.03618173194897343,10.6945547749879,5.277502801233978,2025_IWOOS_id5
2025-06-26 12:23:22,0.06857892951503736,11.800865530207664,5.739280031433316,2025_IWOOS_id5
2025-06-26 14:23:28,0.165655332754775,14.976841921175044,8.548484075371917,2025_IWOOS_id5
2025-06-26 16:23:34,0.1676643068978253,14.075341900485954,7.154886030494161,2025_IWOOS_id5
2025-06-26 18:23:29,0.12127657453662462,8.832558753923005,5.3316673817732205,2025_IWOOS_id5
2025-06-26 20:23:23,0.20663501487640804,13.774825571496088,6.949752524273062,2025_IWOOS_id5
2025-06-26 22:23:28,0.29537100990859083,12.674951950050515,5.295333013651159,2025_IWOOS_id5
2025-06-27 00:22:53,0.24787358747106972,13.293584046682927,5.528179704609222,2025_IWOOS_id5
2025-06-27 02:23:29,0.1826013303237429,13.202672509059845,6.102745978823206,2025_IWOOS_id5
2025-06-27 04:23:22,0.15922779246336993,13.987536230855957,6.578496228368813,2025_IWOOS_id5
2025-06-27 06:22:59,0.053076247222515284,10.238302142797256,5.345144352731927,2025_IWOOS_id5
2025-06-27 08:23:24,0.07773250449911276,13.62806853007526,7.25597212650431,2025_IWOOS_id5
2025-06-27 10:23:29,0.10061445515888456,14.51905383216814,7.987344640318337,2025_IWOOS_id5
2025-06-27 12:23:03,0.11785552922726479,14.781102656906572,7.94369695872471,2025_IWOOS_id5
2025-06-27 14:23:32,0.1445018264594083,14.726629828475346,8.132007485747911,2025_IWOOS_id5
2025-06-27 16:23:02,0.17951879231915427,15.253354809155605,8.3302519082133,2025_IWOOS_id5
2025-06-27 18:23:26,0.18317976786008425,14.739966839622294,7.6599839340339075,2025_IWOOS_id5
2025-06-27 20:23:30,0.20141375215082197,13.36141471780148,5.761102336321316,2025_IWOOS_id5
2025-06-27 22:24:00,0.1647773784254529,13.516436093975507,6.448893117663643,2025_IWOOS_id5
2025-06-28 00:23:25,0.25809804298585903,14.477606963660834,6.605500373393201,2025_IWOOS_id5
2025-06-28 02:22:56,0.23473001492268827,12.479742394482033,5.1986651888746405,2025_IWOOS_id5
2025-06-28 04:23:26,0.19382166115107904,11.187226365695464,4.780170247210174,2025_IWOOS_id5
2025-06-28 06:23:28,0.19295043916192078,12.835125037511347,5.694850302923369,2025_IWOOS_id5
2025-06-28 08:22:59,0.22364800480862546,12.595712132954155,5.284893097537463,2025_IWOOS_id5
2025-06-28 10:23:28,0.25395065617724727,10.962072791569154,4.698654510611603,2025_IWOOS_id5
2025-06-28 12:23:23,0.207918958543686,14.562398974099006,6.203442570801695,2025_IWOOS_id5
2025-06-28 14:23:32,0.24696926694586943,11.057424340945065,4.636705825694613,2025_IWOOS_id5
2025-06-28 16:23:01,0.28942386787357677,12.715327015102064,5.370495876934332,2025_IWOOS_id5
2025-06-28 18:25:29,0.29108295466968315,11.098268600276873,4.4871497664972715,2025_IWOOS_id5
2025-06-28 20:23:58,0.25869674175189883,12.696510041117218,5.196469861648618,2025_IWOOS_id5
2025-06-28 22:24:17,0.27721231884255754,9.835660764178707,4.1809540125299085,2025_IWOOS_id5
2025-06-29 00:23:32,0.337950946222608,12.455102890460639,5.221277794233424,2025_IWOOS_id5
2025-06-29 02:23:26,0.2748647176850305,11.342719329162255,4.687398017050886,2025_IWOOS_id5
2025-06-29 04:23:29,0.32715209008923013,13.516959664977549,5.416447275696642,2025_IWOOS_id5
2025-06-29 06:31:15,0.2885788486509037,7.432057617325081,3.770701311977517,2025_IWOOS_id5
2025-06-29 08:24:12,0.3987919660635763,7.203244432953244,3.6985104705580647,2025_IWOOS_id5
2025-06-29 10:25:01,0.5151883680179135,5.087510445135957,3.474329848911081,2025_IWOOS_id5
2025-06-29 12:29:59,0.3595234922619249,5.139618354909107,3.5184476112513607,2025_IWOOS_id5
2025-06-29 14:24:14,0.40730910826576844,10.524262223032538,4.204480357200598,2025_IWOOS_id5
2025-06-29 16:23:37,0.2802449435295231,9.587992358212178,4.109065792201155,2025_IWOOS_id5
2025-06-29 18:24:58,0.32795122609448285,11.507286342401105,4.502568326801075,2025_IWOOS_id5
2025-06-29 20:23:49,0.289543476771808,14.74276632204242,7.099702673393892,2025_IWOOS_id5
2025-06-29 22:23:47,0.20472696714150931,14.791157127548896,7.584253641239659,2025_IWOOS_id5
2025-06-30 00:25:50,0.2238954203270151,14.895985275405824,7.325921365071826,2025_IWOOS_id5
2025-06-30 02:27:04,0.26532147684238594,14.308121442010279,6.711615948530662,2025_IWOOS_id5
2025-06-30 04:26:26,0.2743089568239747,12.356168466362208,5.217445380860025,2025_IWOOS_id5
2025-06-30 06:28:27,0.2313116928773811,12.888721547645059,6.432284760435608,2025_IWOOS_id5
2025-06-30 08:23:33,0.17861926736853023,14.047686251047061,6.773542857581316,2025_IWOOS_id5
2025-06-30 10:24:06,0.20685621386053613,11.290673297048002,4.762729268586518,2025_IWOOS_id5
2025-06-30 12:25:20,0.19066904686638644,13.123799767746137,6.322449494017037,2025_IWOOS_id5
2025-06-30 14:24:50,0.32353368240350977,9.510949210231527,4.081634658861248,2025_IWOOS_id5
2025-06-30 16:24:51,0.38970043089426093,9.901679269137762,4.084888734619703,2025_IWOOS_id5
2025-06-30 18:26:01,0.21796786641353832,6.135140844112553,3.6562063565855056,2025_IWOOS_id5
2025-06-30 20:49:14,0.2610166758166434,11.53030647413867,4.765871107660057,2025_IWOOS_id5
2025-06-30 22:24:04,0.24215776268816197,5.6642329557689495,3.6497197089530817,2025_IWOOS_id5
2025-07-01 00:24:32,0.4274090971409381,6.289830390508127,3.5703845459767525,2025_IWOOS_id5
2025-07-01 02:29:42,0.29373892079621106,6.668871994872708,3.7031114852639595,2025_IWOOS_id5
2025-07-01 04:28:04,0.27192050379357413,4.9000687416700845,3.5420013016489604,2025_IWOOS_id5
2025-07-01 06:28:00,0.24287729270409378,10.918606403876346,4.64055172038883,2025_IWOOS_id5
2025-07-01 08:26:21,0.4547254419335368,7.967137883344466,3.726326366855423,2025_IWOOS_id5
2025-07-01 10:49:49,0.2476848286729389,11.912840982241832,4.945656665052189,2025_IWOOS_id5
2025-07-01 12:25:41,0.41496387847879546,8.480809306420161,3.906241993578964,2025_IWOOS_id5
2025-07-01 14:25:48,0.3485567092720607,6.523980381166074,3.6280243137756845,2025_IWOOS_id5
2025-07-01 16:26:24,0.38405725833940324,4.542593940849515,3.452457209439977,2025_IWOOS_id5
2025-07-01 18:26:16,0.4044222560896732,5.5131080263273375,3.537313323642118,2025_IWOOS_id5
2025-07-01 20:24:19,0.37589270800637414,5.869402614230972,3.5652637922679795,2025_IWOOS_id5
2025-07-01 22:27:07,0.43826338839114926,5.280632895070078,3.5156209683484048,2025_IWOOS_id5
2025-07-02 00:24:02,0.44697852056055604,6.374486474757396,3.620355474667225,2025_IWOOS_id5
2025-07-02 02:25:31,0.335700103583298,10.30959191403201,4.3532403338734875,2025_IWOOS_id5
2025-07-02 04:26:34,0.6886495516443224,4.266955837564785,3.654613197607707,2025_IWOOS_id5
2025-07-02 06:25:31,0.6099984751153945,4.412439488803162,3.5015859523667947,2025_IWOOS_id5
2025-07-02 08:24:24,0.4204161657910348,5.05981109480207,3.486832150005583,2025_IWOOS_id5
2025-07-02 10:26:32,0.4587269933778525,6.476453914761145,3.609134503774666,2025_IWOOS_id5
2025-07-02 12:24:17,0.41277381385250184,6.507886535638106,3.6151936479470583,2025_IWOOS_id5
2025-07-02 14:26:52,0.4216817844471978,5.964326575623018,3.5934542263305294,2025_IWOOS_id5
2025-07-02 16:24:32,0.4935212664933907,7.221650938443503,3.707680247902959,2025_IWOOS_id5
2025-07-02 18:24:10,0.324959898553842,6.368903503385696,3.5974668503115153,2025_IWOOS_id5
2025-07-02 20:24:55,0.2164976711817223,12.794948704526735,5.964829362907369,2025_IWOOS_id5
2025-07-02 22:25:17,0.2482099164643447,11.330751590716362,5.328803540282545,2025_IWOOS_id5
2025-07-03 00:23:38,0.1395017045030489,7.488225072182679,4.159421775189432,2025_IWOOS_id5
2025-07-03 02:24:22,0.1236746020933223,7.075483864696649,4.480844557271063,2025_IWOOS_id5
2025-07-03 04:26:37,0.14766435353023905,6.646470790831605,4.548116669406772,2025_IWOOS_id5
2025-07-03 06:25:12,0.18176348247813157,5.327004642961383,4.4463901704377164,2025_IWOOS_id5
2025-07-03 08:23:59,0.14283101947865973,5.8414145316934185,4.683589547084531,2025_IWOOS_id5
2025-07-03 10:25:44,0.12136191221833044,5.657726260033547,4.537522107397922,2025_IWOOS_id5
2025-07-03 12:24:52,0.15421915432697492,4.6445068591083825,4.041998338305882,2025_IWOOS_id5
2025-07-03 14:24:05,0.13059302131716277,5.130210275392449,4.341821065174248,2025_IWOOS_id5
2025-07-03 16:25:22,0.11176976087674295,4.7504682362971975,4.220550137045591,2025_IWOOS_id5
2025-07-03 18:23:31,0.14205208653389817,5.844644669651226,4.992696008631588,2025_IWOOS_id5
2025-07-03 20:24:28,0.22597515504253957,7.164764677815819,4.293888097211233,2025_IWOOS_id5
2025-07-03 22:29:30,0.22493478031988,6.73560932890001,4.637015332299934,2025_IWOOS_id5
2025-07-04 00:25:46,0.14427262129413682,9.113043830705253,4.555807783878314,2025_IWOOS_id5
2025-07-04 02:24:29,0.04893638855722769,5.778719343627805,4.484045161244768,2025_IWOOS_id5
2025-07-04 04:25:42,0.053690972192221784,6.506852158706412,5.421995063828245,2025_IWOOS_id5
2025-07-04 06:25:12,0.10725309473448581,6.122469648649852,5.453744369210459,2025_IWOOS_id5
2025-07-04 08:23:32,0.12303528104560102,6.242764484940901,5.614060072701056,2025_IWOOS_id5
2025-07-04 10:24:55,0.11828081228666275,5.456830796420459,4.796319387254117,2025_IWOOS_id5
2025-07-04 12:25:39,0.1139479582319045,6.259860213101558,5.7014797909640595,2025_IWOOS_id5
2025-07-04 14:24:13,0.10154141777607242,5.772989347166332,5.487823670937353,2025_IWOOS_id5
2025-07-04 16:26:33,0.11356319376303599,5.697141539122782,5.372771909362,2025_IWOOS_id5
2025-07-04 18:23:34,0.10612944572118811,5.692174704232577,5.1790302450343075,2025_IWOOS_id5
2025-07-04 20:24:31,0.07633851851875108,5.651481502255462,5.090885445891502,2025_IWOOS_id5
2025-07-04 22:25:28,0.08028993011114074,5.636363115878528,5.314316642917567,2025_IWOOS_id5
2025-07-05 00:24:30,0.06405251385155167,5.46643934112829,4.992029005622389,2025_IWOOS_id5
2025-07-05 02:23:38,0.08774334296956614,5.43635268261613,5.168852413372754,2025_IWOOS_id5
2025-07-05 04:24:55,0.09681818579391008,6.300297402433177,4.891093280450914,2025_IWOOS_id5
2025-07-05 06:25:07,0.0880324339655782,6.244267226554334,4.744241500217277,2025_IWOOS_id5
2025-07-05 08:23:48,0.06817569473338383,4.678093433744487,4.3739425822395,2025_IWOOS_id5
2025-07-05 10:24:51,0.06258183577761711,4.89055481003818,4.604312087846163,2025_IWOOS_id5
2025-07-05 12:23:39,0.07031192720014447,5.072683933881572,4.750355271961904,2025_IWOOS_id5
2025-07-05 14:23:43,0.16315008260162042,9.037821940533224,5.391697991968967,2025_IWOOS_id5
2025-07-05 16:24:33,0.11903876233615487,5.835844098567326,4.892542408876101,2025_IWOOS_id5
2025-07-05 18:24:44,0.13924507990777793,5.217254801882164,4.428313628751567,2025_IWOOS_id5
2025-07-05 20:25:13,0.1934644939583924,4.835279678843282,3.9121373444815983,2025_IWOOS_id5
2025-07-05 22:26:27,0.11831908100195011,4.970585616407154,4.2443956276884975,2025_IWOOS_id5
2025-07-06 00:24:13,0.09253693630074296,5.229385142408639,4.663427234192664,2025_IWOOS_id5
2025-07-06 02:25:05,0.1120039758044426,5.709260736694708,5.081745279589035,2025_IWOOS_id5
2025-07-06 04:28:54,0.15197450103839122,5.22075295706787,4.60001468303169,2025_IWOOS_id5
2025-07-06 06:23:42,0.12980230679297436,5.198122684361752,4.617292007673361,2025_IWOOS_id5
2025-07-06 06:23:42,0.12980230679297436,5.198122684361752,4.617292007673361,2025_IWOOS_id5
2025-07-06 08:23:37,0.10558995364948714,5.071218233784288,4.427238242205775,2025_IWOOS_id5
2025-07-06 10:25:37,0.07401612630879521,4.838997899058255,4.3359250782049665,2025_IWOOS_id5
2025-07-06 12:24:12,0.041922524519986536,5.5456611088390195,4.136532270889208,2025_IWOOS_id5
2025-07-06 14:23:38,0.06884134311587285,5.221750399977556,4.005383825028543,2025_IWOOS_id5
2025-07-06 16:26:23,0.05452682661827424,7.048584970443025,4.06376754888685,2025_IWOOS_id5
2025-07-06 18:23:40,0.04428741748953387,7.696857347652884,4.206163487514666,2025_IWOOS_id5
2025-07-06 20:23:36,0.04870258185325148,8.607280323785446,4.5406273382686155,2025_IWOOS_id5
2025-07-06 22:24:05,0.016492669535792412,4.585776212998394,3.978352471489748,2025_IWOOS_id5
2025-07-07 00:23:37,0.022544654229130826,5.133993747062886,4.660014154731715,2025_IWOOS_id5
2025-07-07 02:23:38,0.03552218762768782,4.7372210810703335,4.265816147384122,2025_IWOOS_id5
2025-07-07 04:24:30,0.024511485428160368,4.561274361803457,4.230736758804643,2025_IWOOS_id5
2025-07-07 06:24:29,0.018567358735677778,4.780509007265926,4.1040379844687545,2025_IWOOS_id5
2025-07-07 08:24:57,0.07673584801531115,11.129118623159975,5.395290281228119,2025_IWOOS_id5
2025-07-07 10:26:12,0.029659484148054884,7.095585476490731,4.506939716279493,2025_IWOOS_id5
2025-07-07 12:25:29,0.12083532226112113,14.343568335031113,8.745083539925725,2025_IWOOS_id5
2025-07-07 14:24:50,0.15024602849014781,11.780451631223256,5.6932552890264425,2025_IWOOS_id5
2025-07-07 16:26:24,0.17310073096305398,6.699497672073487,3.8392177681642856,2025_IWOOS_id5
2025-07-07 18:23:32,0.2676062925668019,11.658938633216714,4.630256228436395,2025_IWOOS_id5
2025-07-07 20:23:30,0.19169351650437416,9.507703195178658,4.38333811288206,2025_IWOOS_id5
2025-07-07 22:25:29,0.2011990881298249,11.67643319299664,4.899590206703351,2025_IWOOS_id5
2025-07-08 00:24:27,0.08427263186350911,10.579848962687517,5.220954101402007,2025_IWOOS_id5
2025-07-08 02:24:34,0.06971017768421751,5.311062885454731,4.702180740735925,2025_IWOOS_id5
2025-07-08 04:23:58,0.05571716762948399,5.381345579697435,4.934661351760076,2025_IWOOS_id5
2025-07-08 06:23:36,0.07314528190075843,4.901954592284969,4.47961163481638,2025_IWOOS_id5
2025-07-08 08:23:32,0.06312966138932984,4.873786622348823,4.523512992047948,2025_IWOOS_id5
2025-07-08 10:27:03,0.07217274515351813,5.098471938440323,4.645507265764032,2025_IWOOS_id5
2025-07-08 12:23:39,0.08227596867815953,5.271009602516198,4.777279491427847,2025_IWOOS_id5
2025-07-08 14:25:31,0.06935150472165647,4.823740799726824,4.489190448002169,2025_IWOOS_id5
2025-07-08 16:24:36,0.047698637607461354,4.489529803823781,4.140362554779394,2025_IWOOS_id5
2025-07-08 18:23:33,0.03599731944649858,4.198133976502372,3.7459839929580663,2025_IWOOS_id5
2025-07-08 20:24:17,0.1736317946430664,10.087640593668857,4.583780292092043,2025_IWOOS_id5
2025-07-08 22:25:36,0.2765915180514818,4.491782144110815,3.6758763000722103,2025_IWOOS_id5
2025-07-09 00:24:42,0.0948061584364783,3.8024816986316643,3.6009696295508236,2025_IWOOS_id5
2025-07-09 02:24:16,0.09206199964584358,4.098018085227128,3.750583340285408,2025_IWOOS_id5
2025-07-09 04:24:27,0.04631495768912059,4.652751759090466,3.9377104728725003,2025_IWOOS_id5
2025-07-09 06:24:04,0.053832587729768115,6.246666065243492,4.3484241122474785,2025_IWOOS_id5
2025-07-09 08:26:35,0.1438756869341849,10.526590162844165,4.729515630472172,2025_IWOOS_id5
2025-07-09 10:28:30,0.17882473209379998,11.171591078117306,4.988264735803343,2025_IWOOS_id5
2025-07-09 12:24:22,0.29703887640873833,8.795251557988086,4.024360866316466,2025_IWOOS_id5
2025-07-09 14:24:50,0.38241003060909007,4.863026679622953,3.56961943284989,2025_IWOOS_id5
2025-07-09 16:24:54,0.39763169439313045,4.74397195385733,3.618399792491615,2025_IWOOS_id5
2025-07-09 18:24:02,0.3795380778148374,4.988398379002278,3.594156377820678,2025_IWOOS_id5
2025-07-09 20:25:26,0.5403294209139274,5.511666929347616,3.6961272956511144,2025_IWOOS_id5
2025-07-09 22:26:43,0.3278753710333533,5.147380792727844,3.667957399835489,2025_IWOOS_id5
2025-07-10 00:23:33,0.2565504268618033,5.835614968843296,3.7538142234064953,2025_IWOOS_id5
2025-07-10 00:23:33,0.2565504268618033,5.835614968843296,3.7538142234064953,2025_IWOOS_id5
2025-07-10 02:26:00,0.12187399585386349,5.143654490038519,3.7311389843951313,2025_IWOOS_id5
2025-07-10 04:27:03,0.10945777660034452,5.102860252494249,3.8419581319890304,2025_IWOOS_id5
2025-07-10 06:24:08,0.043505608620616115,4.656343133869358,3.976463873280187,2025_IWOOS_id5
2025-07-10 08:23:33,0.07328140646165224,7.297586512345744,4.63033757367305,2025_IWOOS_id5
2025-07-10 10:27:09,0.12568348195464182,7.805138476641059,4.496954772923334,2025_IWOOS_id5
2025-07-10 12:25:34,0.17404386158354,10.73264704547134,5.704030063535026,2025_IWOOS_id5
2025-07-10 14:24:28,0.28927722190514177,14.287548261816895,6.832301597683447,2025_IWOOS_id5
2025-07-10 16:26:59,0.2179355444483642,14.481074748409513,8.225789074707286,2025_IWOOS_id5
2025-07-10 18:24:17,0.14085890922353372,14.834978856553779,7.361720805445383,2025_IWOOS_id5
2025-07-10 20:23:26,0.05766300347481227,8.868828606723715,4.637874756069592,2025_IWOOS_id5
2025-07-10 22:25:13,0.14743881316766286,4.758809233249807,3.9330332549587745,2025_IWOOS_id5
2025-07-11 00:25:01,0.35534894838848585,4.848980833039036,3.7156739231068796,2025_IWOOS_id5
2025-07-11 02:24:40,0.320042950533417,4.667417888881197,3.7958230296966717,2025_IWOOS_id5
2025-07-11 04:24:43,0.26608677411641574,3.937967702542221,3.678192392322033,2025_IWOOS_id5
2025-07-11 06:24:43,0.2628109948535206,5.0125629742404,3.7292755005414,2025_IWOOS_id5
2025-07-11 08:25:17,0.1262312544479672,6.2694022734844586,3.801957848658981,2025_IWOOS_id5
2025-07-11 10:25:59,0.056918403514712126,3.9649646679337716,3.6802645440733555,2025_IWOOS_id5
2025-07-11 12:28:27,0.048126812552399895,4.85572052580333,4.070816787403042,2025_IWOOS_id5
2025-07-11 14:24:37,0.03631872339711411,4.984415475715002,4.214434922624895,2025_IWOOS_id5
2025-07-11 16:24:35,0.026985457540407452,4.912004259755609,4.136739710236588,2025_IWOOS_id5
2025-07-11 18:24:23,0.021834715259144086,5.146061869788868,4.480670545485113,2025_IWOOS_id5
2025-07-11 20:24:22,0.02503065473036412,6.0650812550149,4.443870024205774,2025_IWOOS_id5
2025-07-11 22:24:04,0.023871810907862726,6.030189705301589,4.9167927012718495,2025_IWOOS_id5
2025-07-12 00:23:39,0.033919417279201974,7.869568560344312,5.003382265058544,2025_IWOOS_id5
2025-07-12 02:24:04,0.1565087349161529,12.628482334603934,6.317069997907805,2025_IWOOS_id5
2025-07-12 04:51:07,0.20040990743580497,11.22569309888026,4.612237579825036,2025_IWOOS_id5
2025-07-12 06:24:17,0.27769263220669743,5.551033712899152,3.6302241596821694,2025_IWOOS_id5
2025-07-12 08:24:38,0.35587489875890044,6.400940227211263,3.6959092226760006,2025_IWOOS_id5
2025-07-12 10:29:24,0.9461450926476628,4.7704934493852,4.008379512962599,2025_IWOOS_id5
2025-07-12 12:24:02,0.535936919819,4.265458150451408,3.828279743836288,2025_IWOOS_id5
2025-07-12 14:23:32,0.35941770508163157,5.283267500767665,3.909130079767312,2025_IWOOS_id5
2025-07-12 16:24:45,0.2757305306162459,5.857280208070065,3.965043761468019,2025_IWOOS_id5
2025-07-12 18:24:41,0.408443775056809,5.064550138913164,3.7961157814855464,2025_IWOOS_id5
2025-07-12 20:25:42,0.23858696470048865,4.967319771298308,3.8480474883301796,2025_IWOOS_id5
2025-07-12 22:27:59,0.07716143968723291,5.097500504580987,3.9054167068996484,2025_IWOOS_id5
2025-07-13 00:24:17,0.07355875313480174,6.196982728389364,5.132116418908685,2025_IWOOS_id5
2025-07-13 02:24:33,0.1835365805929116,6.381409765597128,5.748885450149719,2025_IWOOS_id5
2025-07-13 04:25:12,0.1261573413693623,6.072620132567454,5.115125829709405,2025_IWOOS_id5
2025-07-13 06:23:35,0.24600526525754288,6.736982525927929,5.936234197711559,2025_IWOOS_id5
2025-07-13 08:25:00,0.2095673599974993,5.4851769852674055,4.703652769294425,2025_IWOOS_id5
2025-07-13 10:26:06,0.1419197820228437,6.332249350990725,5.533892282578411,2025_IWOOS_id5
2025-07-13 12:23:35,0.27486738348630596,6.74767701138316,5.9476885328506235,2025_IWOOS_id5
2025-07-13 14:24:32,0.43758239851550684,5.24540711780053,3.90485766329114,2025_IWOOS_id5
2025-07-13 16:25:04,0.3899291319107292,4.543201390521769,3.7687841818518173,2025_IWOOS_id5
2025-07-13 18:23:30,0.31335502671336246,4.918039011039104,3.911513520690807,2025_IWOOS_id5
2025-07-13 20:24:46,0.4586050242418585,5.155350967448294,3.8620418097867613,2025_IWOOS_id5
2025-07-13 22:25:27,0.6495281897695,4.501787856430914,3.894130589693319,2025_IWOOS_id5
2025-07-14 00:25:08,0.6194162753999245,4.583991661639333,3.9327102010797375,2025_IWOOS_id5
2025-07-14 02:25:30,0.49678932022814615,4.862651797056683,3.7765600752509743,2025_IWOOS_id5
2025-07-14 04:24:55,0.42867551434943835,5.223750365638077,3.797786003972999,2025_IWOOS_id5
2025-07-14 06:24:54,0.23838753190215656,5.377964400790627,3.8073936687976713,2025_IWOOS_id5
2025-07-14 08:24:05,0.2255814540480472,6.354062350217047,3.8012579797045687,2025_IWOOS_id5
2025-07-14 10:26:08,0.07718992087909368,4.314404833860989,3.6716217223537893,2025_IWOOS_id5
2025-07-14 12:23:42,0.10672271645025601,8.097412453303473,4.421781862371161,2025_IWOOS_id5
2025-07-14 14:25:23,0.06792767506887065,6.542071198039568,5.2294398694911495,2025_IWOOS_id5
2025-07-14 16:27:38,0.1811403115441716,12.42187054793549,6.1504446460861395,2025_IWOOS_id5
2025-07-14 18:23:57,0.09285575544936052,8.625909439699958,4.741572006425247,2025_IWOOS_id5
2025-07-14 20:25:10,0.08411605787467104,8.8613910754365,4.64056909780836,2025_IWOOS_id5
2025-07-14 22:25:03,0.21954264550736452,5.231461630672673,3.6159452175262534,2025_IWOOS_id5
2025-07-15 00:23:44,0.5607868342660703,4.789261553648422,3.7656510286200744,2025_IWOOS_id5
2025-07-15 02:24:12,0.6744097742405142,4.397487682972607,3.825051534453136,2025_IWOOS_id5
2025-07-15 04:26:07,0.43294546763720143,4.38833001766827,3.8501880281962277,2025_IWOOS_id5
2025-07-15 06:25:04,0.5940959943995527,4.79993226482434,3.659654835524263,2025_IWOOS_id5
2025-07-15 08:25:06,0.6653856156223903,4.5741802518715975,3.7260462596311745,2025_IWOOS_id5
2025-07-15 10:28:02,0.9039854583818608,4.7444878240271455,4.046101958230215,2025_IWOOS_id5
2025-07-15 12:24:06,0.7303222487653906,4.0275224998355785,3.817966762840852,2025_IWOOS_id5
2025-07-15 14:25:31,0.4238474905386214,5.1632170572715,3.6994537920730695,2025_IWOOS_id5
2025-07-15 16:24:57,0.3384898645807743,6.341052227212245,3.6852237700353916,2025_IWOOS_id5
2025-07-15 18:24:10,0.1406604520182994,6.380930496218767,3.857109880801222,2025_IWOOS_id5
2025-07-15 20:24:09,0.20439732999189156,7.364852780350826,3.8606749298431824,2025_IWOOS_id5
2025-07-15 22:25:09,0.15271427620391512,6.977576534138228,4.78338067058748,2025_IWOOS_id5
2025-07-16 00:23:42,0.06727669857085634,5.200655691625297,4.21070313840759,2025_IWOOS_id5
2025-07-16 02:23:44,0.04342602551410173,4.960772355616253,4.4341087896781115,2025_IWOOS_id5
2025-07-16 04:27:55,0.040151064019425205,4.804142447129563,4.321694184949681,2025_IWOOS_id5
2025-07-16 06:24:22,0.04047962844364336,4.47851625428688,4.103945392197575,2025_IWOOS_id5
2025-07-16 08:23:45,0.057729143623120684,6.2047490675300665,4.321347828385822,2025_IWOOS_id5
2025-07-16 10:26:37,0.6254895656286277,4.321976189235189,3.7219351136218215,2025_IWOOS_id5
2025-07-16 12:24:18,0.5531002797846375,4.461039682636677,3.969722010877736,2025_IWOOS_id5
2025-07-16 14:26:50,0.6354504225222127,4.502062370314014,3.8533109729537203,2025_IWOOS_id5
2025-07-16 16:24:48,0.5606629549823824,4.967194855077419,3.9318094583355108,2025_IWOOS_id5
2025-07-16 18:24:22,0.3473374387736156,5.595984142628809,3.81761548599903,2025_IWOOS_id5
2025-07-16 20:25:53,0.17677876945666826,6.007820004484048,3.7283826499414245,2025_IWOOS_id5
2025-07-16 22:23:58,0.14770022129054128,11.108346205511474,4.895535259915136,2025_IWOOS_id5
2025-07-17 00:25:15,0.09959856360087281,10.982354429458853,5.025348736846199,2025_IWOOS_id5
2025-07-17 02:23:33,0.023687326548187306,4.9882920719133335,4.123720206510271,2025_IWOOS_id5
2025-07-17 04:26:19,0.03154258311453127,5.672152348750902,5.088391687941138,2025_IWOOS_id5
2025-07-17 06:23:37,0.03986286362627326,5.784384855066324,5.087244836968296,2025_IWOOS_id5
2025-07-17 08:24:05,0.07979033524705878,10.769866350143394,5.801538949779207,2025_IWOOS_id5
2025-07-17 10:25:39,0.08437423334978872,10.231585834208847,4.814880839388115,2025_IWOOS_id5
2025-07-17 12:23:59,0.08535227753595506,10.563441488770106,5.073665529227269,2025_IWOOS_id5
2025-07-17 14:24:18,0.10860198014452979,12.976629261809755,6.122238098290712,2025_IWOOS_id5
2025-07-17 16:24:23,0.12315474533946894,13.45628931915692,6.278148894724939,2025_IWOOS_id5
2025-07-17 18:23:39,0.11643539896563841,13.258099793400078,6.2553337308184105,2025_IWOOS_id5
2025-07-17 20:23:46,0.14831706091707192,11.563703790718751,5.009074341468227,2025_IWOOS_id5
2025-07-17 22:24:51,0.11492865925750538,10.21674534996789,4.423229418614642,2025_IWOOS_id5
2025-07-18 00:24:52,0.058210440113383194,5.672466439230092,3.5921404383171915,2025_IWOOS_id5
2025-07-18 02:24:02,0.08965381086065709,4.613820808187486,3.4517125245306826,2025_IWOOS_id5
2025-07-18 04:29:21,0.07923713234902259,4.869988828673053,3.5149052420654883,2025_IWOOS_id5
2025-07-18 06:24:01,0.1481757645599153,6.7790025095732345,3.7027684816730067,2025_IWOOS_id5
2025-07-18 08:24:48,0.12794835600851942,5.619228150767359,3.710139654519962,2025_IWOOS_id5
2025-07-18 10:24:38,0.17077420684143607,9.031336011263646,4.054320260577995,2025_IWOOS_id5
2025-07-18 12:23:32,0.12068499787528374,7.5022583687771105,4.116084609407787,2025_IWOOS_id5
2025-07-18 14:23:31,0.14697614331828432,7.525188399419862,3.8817140387613516,2025_IWOOS_id5
2025-07-18 16:26:07,0.0962944578793883,6.147184304645751,3.6479886562217057,2025_IWOOS_id5
2025-07-18 18:24:40,0.03321255225708385,9.712287513279064,4.699761446409939,2025_IWOOS_id5
2025-07-18 20:23:43,0.1823902381283104,14.844861485131977,7.407993331860157,2025_IWOOS_id5
2025-07-18 22:24:06,0.08473284222720143,3.900157523893465,3.5127875005741265,2025_IWOOS_id5
2025-07-19 00:24:08,0.059732053541816835,6.7771535845357045,3.6146027447289657,2025_IWOOS_id5
2025-07-19 02:24:01,0.3131021633119627,5.683125050317758,3.5513566262977516,2025_IWOOS_id5
2025-07-19 03:26:59,0.42150453418478045,4.283888718546055,3.6645839704311682,2025_IWOOS_id5
2025-07-19 05:22:59,0.42194133067943773,4.188090149551687,3.634993525383645,2025_IWOOS_id5
2025-07-19 06:24:27,0.4650913023003695,4.059671326075208,3.6088818350794174,2025_IWOOS_id5
2025-07-19 08:24:30,0.28749202086518844,5.792471575572577,3.6234258640900143,2025_IWOOS_id5
2025-07-19 10:28:31,0.2175403790799568,5.391725515670597,3.6595635610083614,2025_IWOOS_id5
2025-07-19 14:27:47,0.07610445035419718,5.039327690195885,3.626679031339096,2025_IWOOS_id5
2025-07-19 16:25:57,0.05150667652191438,9.689606603998204,4.393620249985144,2025_IWOOS_id5
2025-07-19 18:23:46,0.03462016900384013,7.469729357991751,4.210455403884792,2025_IWOOS_id5
2025-07-19 20:23:33,0.048194562567736354,7.436588440175296,4.143589122713917,2025_IWOOS_id5
2025-07-19 22:25:19,0.05407386911488584,10.491147865173971,6.32018087792046,2025_IWOOS_id5
2025-07-20 00:24:47,0.0835251638890204,13.227746589485365,5.777316215169451,2025_IWOOS_id5
2025-07-20 02:25:12,0.20633806961066864,15.425528304878833,8.504555313840092,2025_IWOOS_id5
2025-07-20 04:24:42,0.20883211698633303,13.209546011177165,7.595714478271854,2025_IWOOS_id5
2025-07-20 06:24:45,0.18903222294130606,13.67286498144541,6.249647021799252,2025_IWOOS_id5
2025-07-20 08:24:02,0.10702476249314549,13.052942784772295,6.186208231361041,2025_IWOOS_id5
2025-07-20 10:30:38,0.0627683184358666,8.603681641353804,6.180418605288542,2025_IWOOS_id5
2025-07-20 12:23:35,0.07240079277527642,13.565825757272044,6.796646970345363,2025_IWOOS_id5
2025-07-20 14:26:13,0.09852666489720743,13.929353585191134,7.433000953170197,2025_IWOOS_id5
2025-07-20 16:26:57,0.13550064170262577,15.5464994675677,9.902885115754849,2025_IWOOS_id5
2025-07-20 18:23:40,0.0753728413292153,13.780807134115136,6.752200268003502,2025_IWOOS_id5
2025-07-20 20:23:32,0.08169429778055831,11.035525781041867,5.378902168723071,2025_IWOOS_id5
2025-07-20 22:25:26,0.09500373381329598,14.158939293956358,7.853755029450454,2025_IWOOS_id5
2025-07-21 00:26:16,0.10128059137519137,14.275267969188949,7.185129972782809,2025_IWOOS_id5
2025-07-21 02:28:09,0.1224902367673057,14.835483090456085,8.014996238854692,2025_IWOOS_id5
2025-07-21 04:26:55,0.09159593937324469,13.0653550699978,6.59810503554165,2025_IWOOS_id5
2025-07-21 06:24:10,0.08110617828044697,13.303728158031063,6.898234464956646,2025_IWOOS_id5
2025-07-21 08:25:36,0.10722528491056137,13.99816609375519,7.365660762625717,2025_IWOOS_id5
2025-07-21 10:26:25,0.048234675123982926,10.305616369527488,5.128895257511874,2025_IWOOS_id5
2025-07-21 12:24:37,0.03079335422268527,8.26583611221314,4.397342351805019,2025_IWOOS_id5
2025-07-21 14:25:04,0.04637059027611216,12.07529605056788,6.0178797732927105,2025_IWOOS_id5
2025-07-21 16:27:15,0.02159928608335306,9.660494741065444,4.790031406120286,2025_IWOOS_id5
2025-07-21 18:24:22,0.02092343062062907,9.903826177704026,4.665974662270453,2025_IWOOS_id5
2025-07-21 20:24:44,0.05875318767976202,10.831179547887537,5.225664219381708,2025_IWOOS_id5
2025-07-21 22:26:20,0.058080202536464294,10.219295922679787,4.584233667930133,2025_IWOOS_id5
2025-07-22 00:24:35,0.04607872967080748,8.316101356191512,5.01253498084655,2025_IWOOS_id5
2025-07-22 02:24:19,0.09374818501251593,13.970230172112966,7.22631653612956,2025_IWOOS_id5
2025-07-22 04:28:36,0.03474374228521554,11.087944490459824,4.928605033018005,2025_IWOOS_id5
2025-07-22 06:25:32,0.02567655415215361,8.008893063151877,3.9579584807857486,2025_IWOOS_id5
2025-07-22 08:24:47,0.10403783935472652,12.889612231454993,5.389102242600065,2025_IWOOS_id5
2025-07-22 10:24:24,0.11291479241549998,13.653072670272486,6.81185730413386,2025_IWOOS_id5
2025-07-22 12:25:38,0.06133660501309131,9.92619693399522,6.5781404963985475,2025_IWOOS_id5
2025-07-22 14:25:14,0.06372866473894762,14.359625602602083,8.273106907090092,2025_IWOOS_id5
2025-07-22 16:23:40,0.02178357151187509,11.99948183025257,5.865143525715518,2025_IWOOS_id5
2025-07-22 18:25:53,0.013341351555560668,5.575804759810461,4.037373691853737,2025_IWOOS_id5
2025-07-22 20:24:50,0.10345413405523302,12.758193053655905,5.499527984414841,2025_IWOOS_id5
2025-07-22 22:24:16,0.20818022894003416,12.87694505365887,5.370484468783819,2025_IWOOS_id5
2025-07-23 00:24:57,0.20008868742172511,4.14962963523495,3.476622700310245,2025_IWOOS_id5
2025-07-23 02:24:25,0.22877063996799657,10.69755592089835,4.469136863837866,2025_IWOOS_id5
2025-07-23 04:24:23,0.2430517200693373,9.931820160567044,4.250667095634469,2025_IWOOS_id5
2025-07-23 06:24:42,0.2562496046811663,5.59164248671843,3.6420764912905526,2025_IWOOS_id5
2025-07-23 08:26:30,0.34866525459264003,6.460189651832389,3.7442739217902328,2025_IWOOS_id5
2025-07-23 10:24:07,0.2883590986574538,9.302504958732925,4.156336584588655,2025_IWOOS_id5
2025-07-23 12:23:58,0.22291647760323458,10.59642917155356,4.555090265376316,2025_IWOOS_id5
2025-07-23 14:24:23,0.16880306641247353,10.11062081637234,4.784564279175214,2025_IWOOS_id5
2025-07-23 16:27:16,0.20485891768865783,12.266461747486263,5.293031737262602,2025_IWOOS_id5
2025-07-23 18:26:57,0.2389894158025538,13.246467292920498,5.840130936883039,2025_IWOOS_id5
2025-07-23 20:25:36,0.20841566426958225,12.35034672888914,5.287535508114109,2025_IWOOS_id5
2025-07-23 22:25:56,0.3350920275919775,5.104064150771225,3.502470235658108,2025_IWOOS_id5
2025-07-24 00:26:51,0.45242900810516695,4.23548474263381,3.4870644698414113,2025_IWOOS_id5
2025-07-24 02:26:30,0.5296604731412291,4.543331064345438,3.526871383296811,2025_IWOOS_id5
2025-07-24 04:24:06,0.49638695107210645,4.557719708060301,3.4960783679271774,2025_IWOOS_id5
2025-07-24 06:29:16,0.4854175241690052,4.526448560708717,3.6294386387703645,2025_IWOOS_id5
2025-07-24 08:25:40,0.5642413911810896,4.680669346721496,3.651332721778969,2025_IWOOS_id5
2025-07-24 10:24:12,0.7439452983552267,4.1557572229780675,3.744028429714605,2025_IWOOS_id5
2025-07-24 12:23:28,0.8151785858124175,4.092158732786246,3.7248623127099654,2025_IWOOS_id5
2025-07-24 14:24:43,0.7345722785284893,4.645572822380717,3.8400816694168283,2025_IWOOS_id5
2025-07-24 16:24:24,0.46273530916854666,3.98368227200376,3.7744806008535354,2025_IWOOS_id5
2025-07-24 18:24:23,0.48166089288505426,4.837639459364017,3.6774029283440246,2025_IWOOS_id5
2025-07-24 20:23:33,0.30872173077321213,4.821603044600163,3.536058140252308,2025_IWOOS_id5
2025-07-24 22:24:29,0.5665226824308193,4.228967982246008,3.6904671404939884,2025_IWOOS_id5
2025-07-25 00:24:08,0.7228251865989205,4.410439908237678,3.767921173897343,2025_IWOOS_id5
2025-07-25 02:26:50,0.4633414242788653,5.128143137687274,3.7448850413998875,2025_IWOOS_id5
2025-07-25 04:24:15,0.3426671158283059,4.704952376339104,3.73403550516299,2025_IWOOS_id5
2025-07-25 06:24:51,0.17902154701296222,6.243806518565285,3.8974417195846764,2025_IWOOS_id5
2025-07-25 08:24:11,0.2356383735201555,8.858881903206887,4.255834880699375,2025_IWOOS_id5
2025-07-25 10:23:32,0.15917887483545606,11.116846656213431,4.816316343793388,2025_IWOOS_id5
2025-07-25 12:23:27,0.16987737682839613,10.675437394631867,4.832573293693506,2025_IWOOS_id5
2025-07-25 14:23:58,0.21560170213601804,8.464099012473866,4.121607604344524,2025_IWOOS_id5
2025-07-25 16:26:03,0.15905713474217512,6.072469517193977,3.832868976448537,2025_IWOOS_id5
2025-07-25 18:24:16,0.08658266512417445,4.446053700985558,3.769813454217437,2025_IWOOS_id5
2025-07-25 20:25:13,0.03767022019045995,4.268758148232865,3.562953236147361,2025_IWOOS_id5
2025-07-25 22:23:37,0.04976514772743438,10.375523973893763,5.01266043761721,2025_IWOOS_id5
2025-07-26 00:25:26,0.0774202269826047,11.141356193907713,6.054162892969347,2025_IWOOS_id5
2025-07-26 02:25:08,0.053856704858705085,8.895362141546897,4.612786771435764,2025_IWOOS_id5
2025-07-26 04:24:16,0.07076548826157887,14.320859449479547,6.993011329636114,2025_IWOOS_id5
2025-07-26 06:23:31,0.011878617716851394,6.386491868884396,3.982973156257951,2025_IWOOS_id5
2025-07-26 08:23:42,0.03437514729084412,10.646833135339236,5.259485327182255,2025_IWOOS_id5
2025-07-26 10:23:49,0.07886824276206392,14.107731374779286,7.311550136332604,2025_IWOOS_id5
2025-07-26 12:23:33,0.11238061741410095,13.401933962551547,7.238037018077617,2025_IWOOS_id5
2025-07-26 14:23:41,0.2566043011895614,9.492080360974633,4.029920642521332,2025_IWOOS_id5
2025-07-26 16:23:36,0.27564833836629515,5.581334961669484,3.575430401128551,2025_IWOOS_id5
2025-07-26 18:24:44,0.376860899188238,4.538371560497134,3.5362160387547563,2025_IWOOS_id5
2025-07-26 20:23:48,0.1458044791658666,7.276515637285221,3.9716942854952233,2025_IWOOS_id5
2025-07-26 22:24:46,0.21523813610950146,13.671058049122365,5.910545734150989,2025_IWOOS_id5
2025-07-27 00:23:31,0.238627202322159,6.26887695874585,3.5852133838396965,2025_IWOOS_id5
2025-07-27 02:50:12,0.20414743233495142,5.683531785581302,3.611310233324878,2025_IWOOS_id5
2025-07-27 04:24:58,0.3669880569133825,4.905024885343464,3.6501138847441723,2025_IWOOS_id5
2025-07-27 06:25:33,0.20051819930744463,6.442621943099882,3.7236684288052095,2025_IWOOS_id5
2025-07-27 08:28:27,0.11322464006618815,5.957839255318454,3.6906048126296973,2025_IWOOS_id5
2025-07-27 08:28:27,0.11322464006618815,5.957839255318454,3.6906048126296973,2025_IWOOS_id5
2025-07-27 10:23:27,0.15992435584432269,6.86205237827436,3.82263779816622,2025_IWOOS_id5
2025-07-27 12:23:51,0.07158375373372876,7.152977210653627,4.008392968733288,2025_IWOOS_id5
2025-07-27 14:24:54,0.08064665897702324,6.964324502447629,3.829666624186136,2025_IWOOS_id5
2025-07-27 16:24:32,0.07062650757867628,8.205920896297082,3.958990022008461,2025_IWOOS_id5
2025-07-27 18:24:02,0.08179100438425763,13.460740029667889,5.753120882299776,2025_IWOOS_id5
2025-07-27 20:23:57,0.06506149666852708,10.564884331880354,4.526384569023751,2025_IWOOS_id5
2025-07-27 22:23:21,0.10413404615549919,12.828257738488265,6.006945442879288,2025_IWOOS_id5
2025-07-28 00:23:42,0.0999482120349676,13.903612700140691,7.182041008973634,2025_IWOOS_id5
2025-07-28 02:26:34,0.04093249070666729,8.063268998246247,4.817493759872918,2025_IWOOS_id5
2025-07-28 04:24:05,0.0590035938492149,11.163970543443932,4.957316418417243,2025_IWOOS_id5
2025-07-28 06:23:35,0.031852131260842395,8.40632642582687,4.522420675944806,2025_IWOOS_id5
2025-07-28 08:24:03,0.02048350811198436,6.909412781897194,4.241932022408416,2025_IWOOS_id5
2025-07-28 10:23:39,0.034855918595498116,11.337331656178161,5.255578028195545,2025_IWOOS_id5
2025-07-28 12:23:42,0.04393710353901851,3.93164300602269,3.5024381906106403,2025_IWOOS_id5
2025-07-28 14:26:16,0.06779319905919481,10.410189099609227,6.114458029488938,2025_IWOOS_id5
2025-07-28 16:24:33,0.06029786279782036,7.074648904707021,4.099802575948177,2025_IWOOS_id5
2025-07-28 18:24:14,0.09074284050951537,13.140674474817716,6.687506326114183,2025_IWOOS_id5
2025-07-28 20:25:53,0.11262214886197229,12.21393975128747,6.046644992381398,2025_IWOOS_id5
2025-07-28 22:25:05,0.040619598126859086,9.965751478028663,4.5660780457698555,2025_IWOOS_id5
2025-07-29 00:23:34,0.022146911754719712,4.6237213328256015,3.582398007691341,2025_IWOOS_id5
2025-07-29 02:25:40,0.08057690712503093,12.521285791902761,6.51526221621915,2025_IWOOS_id5
2025-07-29 04:23:32,0.11035826243613409,15.138136833856267,9.217276332016647,2025_IWOOS_id5
2025-07-29 06:23:57,0.18250391735281732,14.27879818319267,8.299584668828345,2025_IWOOS_id5
2025-07-29 08:25:11,0.17670158412005493,15.003830873589566,8.679825068357205,2025_IWOOS_id5
2025-07-29 10:24:48,0.1768236565083559,14.18688404941727,8.118362104777157,2025_IWOOS_id5
2025-07-29 12:24:02,0.1635748581314345,13.763553928908227,6.124549533991412,2025_IWOOS_id5
2025-07-29 14:26:05,0.09559308368704514,13.241682617122317,6.7095666567437995,2025_IWOOS_id5
2025-07-29 16:51:53,0.023390513067566236,9.343697279368044,5.447482476085848,2025_IWOOS_id5
2025-07-29 18:23:36,0.02128547639753432,9.583854084319317,5.406412032660024,2025_IWOOS_id5
2025-07-29 20:24:22,0.0212473882095804,4.90945115279526,4.0415361283029725,2025_IWOOS_id5
2025-07-29 22:24:34,0.011615753183857828,7.433144504654617,5.128615476505861,2025_IWOOS_id5
2025-07-30 00:25:43,0.06201826083698338,10.390706589421784,4.52938082644227,2025_IWOOS_id5
2025-07-30 02:25:00,0.05089762217213615,6.701217528425318,3.824677096380699,2025_IWOOS_id5
2025-07-30 04:27:43,0.15316677257028397,4.306684880545573,3.5652487533022814,2025_IWOOS_id5
2025-07-30 06:23:37,0.6251528652331462,4.203346683236899,3.7050725342225896,2025_IWOOS_id5
2025-07-30 08:25:36,0.7232530081419188,4.369479115847125,3.8490372392670174,2025_IWOOS_id5
2025-07-30 10:27:04,0.7517116332535598,4.086354790837786,3.8254053137739117,2025_IWOOS_id5
2025-07-30 12:24:01,0.4678874107010629,4.5245604465452125,3.7856220016680173,2025_IWOOS_id5
2025-07-30 14:24:20,0.360856647329925,4.748423021170763,3.6028804248919513,2025_IWOOS_id5
2025-07-30 16:26:42,0.3668159380072638,4.955108137010049,3.7308956890196296,2025_IWOOS_id5
2025-07-30 18:24:45,0.232417297918471,4.6355656862512875,3.650541473763213,2025_IWOOS_id5
2025-07-30 20:24:05,0.10150280115568414,4.970084202676398,3.7337020233494167,2025_IWOOS_id5
2025-07-30 22:25:18,0.16898658086964966,11.565704505711333,5.2653834827216315,2025_IWOOS_id5
2025-07-31 00:23:56,0.1498981351963555,12.063577550064958,5.28999758791742,2025_IWOOS_id5
2025-07-31 02:23:22,0.05179397497034819,8.214561699923319,4.773547281453753,2025_IWOOS_id5
2025-07-31 04:25:31,0.018460954496636168,5.6795083529921255,3.97774481273556,2025_IWOOS_id5
2025-07-31 06:24:37,0.02369985999741528,5.138517061102319,4.1945442564451945,2025_IWOOS_id5
2025-07-31 08:25:03,0.028704734193470034,6.214054370175076,5.089882851202697,2025_IWOOS_id5
2025-07-31 10:26:02,0.04107192135002313,9.252340391025806,5.323574933476469,2025_IWOOS_id5
2025-07-31 12:25:13,0.03148455947862345,5.22250668175486,4.350634534069422,2025_IWOOS_id5
2025-07-31 14:23:39,0.032672376648240326,8.158453475748772,4.718863164043209,2025_IWOOS_id5
2025-07-31 16:26:00,0.024862923344532658,5.0728412734751105,4.438633012191304,2025_IWOOS_id5
2025-07-31 18:23:42,0.024375846661416175,7.382754335574014,5.19433236814648,2025_IWOOS_id5
2025-07-31 20:23:34,0.09673411999703257,12.864557364296996,6.640339013448485,2025_IWOOS_id5
2025-07-31 22:23:58,0.07374898033286902,11.502753869991478,7.898142410223461,2025_IWOOS_id5
2025-08-01 00:25:57,0.16017786914532703,14.162679703464047,6.573301873822202,2025_IWOOS_id5
2025-08-01 02:25:05,0.17805683507219128,13.747064304819622,7.567637925495753,2025_IWOOS_id5
2025-08-01 04:24:19,0.25506851716575574,13.788312855375457,6.327762846606966,2025_IWOOS_id5
2025-08-01 06:25:52,0.18285694909341646,10.878632516826269,4.832252125423255,2025_IWOOS_id5
2025-08-01 08:24:29,0.39118611477087994,12.331919101811662,5.046876179902791,2025_IWOOS_id5
2025-08-01 10:26:26,0.2850276891328244,10.369029109835141,4.575541993116114,2025_IWOOS_id5
2025-08-01 12:26:25,0.37519927023462957,10.875785836758936,4.423152558697115,2025_IWOOS_id5
2025-08-01 14:24:36,0.44601692226957257,9.690296894655285,4.187743411001398,2025_IWOOS_id5
2025-08-01 16:26:38,0.36842272093569306,13.011382214775955,5.485146328030686,2025_IWOOS_id5
2025-08-01 18:24:52,0.15299085631395876,10.9334580630282,5.180447191890377,2025_IWOOS_id5
2025-08-01 20:23:09,0.15188950223824607,12.011758169552406,6.370202136476539,2025_IWOOS_id5
2025-08-01 22:26:59,0.034455396508998905,5.236786408043434,4.43676953991297,2025_IWOOS_id5
2025-08-02 00:23:32,0.02353301347614423,5.136763092137566,4.171833911435368,2025_IWOOS_id5
2025-08-02 02:23:52,0.054439554678495906,6.305263596218713,5.215797480644379,2025_IWOOS_id5
2025-08-02 04:24:38,0.0537205710066356,6.134340141032844,5.3162202458991334,2025_IWOOS_id5
2025-08-02 06:25:07,0.051973405821258506,5.391084730348528,4.774379577561031,2025_IWOOS_id5
2025-08-02 08:23:50,0.3730710349463252,4.291150520876658,3.6296279448913578,2025_IWOOS_id5
2025-08-02 10:25:56,0.6356699920717787,4.214252077969016,3.717127046974671,2025_IWOOS_id5
2025-08-02 12:23:37,0.4474449498274174,5.352317978874481,3.8458678754197266,2025_IWOOS_id5
2025-08-02 14:24:33,0.22961565907902837,4.935731401767655,3.7271633566268316,2025_IWOOS_id5
2025-08-02 16:25:23,0.4612138645915329,5.581607886384545,3.796032291153764,2025_IWOOS_id5
2025-08-02 18:23:24,0.6737388328673578,4.7087035525688945,3.7419375593737323,2025_IWOOS_id5
2025-08-02 20:24:08,0.5029262108927455,4.49848022415728,3.7267545083621614,2025_IWOOS_id5
2025-08-02 22:23:58,0.3560900722272469,5.682855888955614,3.684934439321338,2025_IWOOS_id5
2025-08-03 00:24:28,0.23652346235282953,6.52596268643572,3.9050949794223078,2025_IWOOS_id5
2025-08-03 02:23:41,0.14291874910317412,7.308892892676496,4.024382930303826,2025_IWOOS_id5
2025-08-03 04:25:59,0.08421852664242206,6.512240847082134,4.136028472545929,2025_IWOOS_id5
2025-08-03 06:23:41,0.061192074707969356,5.63430290525028,4.512951293160878,2025_IWOOS_id5
2025-08-03 08:23:34,0.10174223995157658,8.93162338297496,5.708327501117483,2025_IWOOS_id5
2025-08-03 10:25:07,0.10023306385099737,5.815988238288156,4.131988750658972,2025_IWOOS_id5
2025-08-03 12:48:42,0.06617746922768623,4.606198185199746,3.9705735276426144,2025_IWOOS_id5
2025-08-03 14:24:04,0.06047245097551541,5.493397790648915,4.742588645679131,2025_IWOOS_id5
2025-08-03 16:23:43,0.13517343889147598,5.4832924298647,5.13837606732049,2025_IWOOS_id5
2025-08-03 18:26:48,0.11630729122764343,5.338891798215612,4.989803988722958,2025_IWOOS_id5
2025-08-03 20:23:39,0.1287017576912964,5.272605241087426,4.852921477533757,2025_IWOOS_id5
2025-08-03 22:24:32,0.239984883734986,9.6726728275495,5.444236310548532,2025_IWOOS_id5
2025-08-04 00:27:28,0.3160671735880597,9.720179659458156,4.748037545613512,2025_IWOOS_id5
2025-08-04 02:26:40,0.5250933094951131,8.412017272957748,3.9229983076425907,2025_IWOOS_id5
2025-08-04 04:24:11,0.44643202465109344,7.03773329958409,3.741946071126546,2025_IWOOS_id5
2025-08-04 06:25:13,0.45589296444221045,5.112004809157167,3.5101709417862375,2025_IWOOS_id5
2025-08-04 08:25:04,0.2428367442947582,4.4235202390369555,3.5599156690454854,2025_IWOOS_id5
2025-08-04 10:25:49,0.41372305543284305,6.001375610032855,3.659841722818927,2025_IWOOS_id5
2025-08-04 12:24:21,0.2136473159735268,6.886396783408176,3.8230755134083543,2025_IWOOS_id5
2025-08-04 14:29:25,0.38222367729223405,9.188587320722583,3.9897284477023156,2025_IWOOS_id5
2025-08-04 16:24:03,0.3473497531453102,5.665089175280349,3.597645178344678,2025_IWOOS_id5
2025-08-04 18:29:57,0.4416357299682927,5.6713378767308935,3.571585482390383,2025_IWOOS_id5
2025-08-04 20:24:27,0.7907461911907363,4.5431178745874785,3.5309695265439136,2025_IWOOS_id5
2025-08-04 22:28:52,0.5668970679030255,4.6065880160152375,3.5132487385725146,2025_IWOOS_id5
2025-08-05 00:26:11,0.43796756009704435,8.402646185332788,3.8908002265533312,2025_IWOOS_id5
2025-08-05 02:26:28,0.3372905942056977,6.465607280476764,3.644020595079914,2025_IWOOS_id5
2025-08-05 04:24:43,0.2561108101503176,9.540405758902123,4.294702980629922,2025_IWOOS_id5
2025-08-05 06:28:08,0.2718884448823041,8.699745887340441,3.9954420364454317,2025_IWOOS_id5
2025-08-05 08:25:40,0.29989132639953137,8.499494616141295,3.9152975593470942,2025_IWOOS_id5
2025-08-05 10:24:56,0.18678585987001195,6.100843438381758,3.784708145684513,2025_IWOOS_id5
2025-08-05 12:25:21,0.38326652934859823,7.89903751008774,3.8250007565890956,2025_IWOOS_id5
2025-08-05 14:25:59,0.3193695868080174,8.840448978095258,3.8986022409596557,2025_IWOOS_id5
2025-08-05 16:24:39,0.14740840406262243,5.078987913289561,3.6570440132141355,2025_IWOOS_id5
2025-08-05 18:26:13,0.5168020335699837,4.350380566202007,3.567069010012792,2025_IWOOS_id5
2025-08-05 20:23:33,0.46138201674774254,4.5640812948881955,3.497118632647061,2025_IWOOS_id5
2025-08-05 22:24:29,0.5051231166112762,5.235518065993209,3.5192106464630486,2025_IWOOS_id5
2025-08-06 00:28:43,0.28135486474476784,6.940882787006848,3.659144355266668,2025_IWOOS_id5
2025-08-06 02:24:28,0.32416831260588225,8.004408129756717,3.8528807278147377,2025_IWOOS_id5
2025-08-06 04:23:29,0.2520472108205959,11.566777466375264,4.746494290538644,2025_IWOOS_id5
2025-08-06 06:25:29,0.4702415268939769,5.454165406969245,3.5440572471425598,2025_IWOOS_id5
2025-08-06 08:24:07,0.47642402395418276,5.052842823464582,3.5446386861605443,2025_IWOOS_id5
2025-08-06 10:26:31,0.7170054447834934,4.988398879355987,3.6063538638907633,2025_IWOOS_id5
2025-08-06 12:24:59,0.655778312038238,5.806044282863001,3.611349577507725,2025_IWOOS_id5
2025-08-06 14:24:28,0.4454851374954344,4.904558569976734,3.5116754214827917,2025_IWOOS_id5
2025-08-06 16:24:11,0.31216000515572084,9.192429704259924,4.095331991610545,2025_IWOOS_id5
2025-08-06 18:24:45,0.20659482603511392,12.801382500268243,6.242562163953528,2025_IWOOS_id5
2025-08-06 20:25:31,0.24157953337448687,13.267907162422878,5.986870273209322,2025_IWOOS_id5
2025-08-06 22:24:24,0.3512914981709066,11.613643435312454,4.663202008620912,2025_IWOOS_id5
2025-08-07 00:27:45,0.1421536449608133,12.460583932729065,5.48991463718767,2025_IWOOS_id5
2025-08-07 02:25:34,0.20843175940812364,12.41735981378374,5.390048901928457,2025_IWOOS_id5
2025-08-07 04:24:43,0.3350536272849941,11.883114555680153,4.883754460718639,2025_IWOOS_id5
2025-08-07 06:27:18,0.36558948058917884,9.961812556684459,4.081695296833819,2025_IWOOS_id5
2025-08-07 08:24:10,0.274904640116701,11.777618736722085,4.85292970311618,2025_IWOOS_id5
2025-08-07 10:24:35,0.2702923350284067,12.666692270849335,5.263332288868117,2025_IWOOS_id5
2025-08-07 12:25:29,0.2442327163593065,11.111745792279587,5.056790014736302,2025_IWOOS_id5
2025-08-07 14:23:53,0.07786381922151785,9.50592836055229,5.105295225683589,2025_IWOOS_id5
2025-08-07 16:24:05,0.10198163470675092,13.251408998401473,6.068386083804133,2025_IWOOS_id5
2025-08-07 18:25:32,0.16501369452370376,14.530634074206217,7.156173395618732,2025_IWOOS_id5
2025-08-07 20:23:52,0.22422399979503704,15.633933856663349,8.115891313011813,2025_IWOOS_id5
2025-08-07 22:23:37,0.24441759930318868,13.992226777011743,6.351030775835669,2025_IWOOS_id5
2025-08-08 00:29:04,0.18699105804916344,13.773092820352034,6.25941790847943,2025_IWOOS_id5
2025-08-08 02:28:45,0.2305136469493844,15.069547523196038,7.566498791859928,2025_IWOOS_id5
2025-08-08 04:27:16,0.16977539967924637,14.321647383127953,6.868858634548389,2025_IWOOS_id5
2025-08-08 06:49:34,0.16088545825490647,9.967229507302228,5.042418073798277,2025_IWOOS_id5
2025-08-08 08:26:03,0.20274722327620645,13.738357775644406,5.89832391492992,2025_IWOOS_id5
2025-08-08 10:24:27,0.2832999615959543,13.050155670795437,5.581595174083672,2025_IWOOS_id5
2025-08-08 12:25:27,0.08492091246583278,6.392528398065011,4.109827999585357,2025_IWOOS_id5
2025-08-08 14:24:21,0.2812845227132694,11.191274304973897,4.429808912641088,2025_IWOOS_id5
2025-08-08 16:25:46,0.2923721040877727,10.371633478014287,4.4117991659516855,2025_IWOOS_id5
2025-08-08 18:25:23,0.15773709259530516,10.990534590197205,5.380195596534017,2025_IWOOS_id5
2025-08-08 20:24:46,0.22199577863604836,13.538226737704608,6.102205554075039,2025_IWOOS_id5
2025-08-08 22:25:09,0.2859361253424166,12.324632777200357,5.085696034482369,2025_IWOOS_id5
2025-08-09 00:24:48,0.2711767449083726,13.467793754569687,5.824441261267735,2025_IWOOS_id5
2025-08-09 02:29:17,0.24207013713252296,13.06349632706161,5.8738655278156555,2025_IWOOS_id5
2025-08-09 04:23:42,0.26879808053624726,12.46164500778456,5.794196110585121,2025_IWOOS_id5
2025-08-09 06:24:44,0.2207595167972154,10.052854366335314,4.9171464143334,2025_IWOOS_id5
2025-08-09 08:24:13,0.2138184581119231,10.554305352383567,5.058090094355447,2025_IWOOS_id5
2025-08-09 10:26:34,0.39114641651277954,5.474589203906263,3.553743713248171,2025_IWOOS_id5
2025-08-09 12:24:33,0.6568245879803242,4.975515684622424,3.50124075089986,2025_IWOOS_id5
2025-08-09 14:24:14,0.4943209600272351,5.0871352731329855,3.52215834124557,2025_IWOOS_id5
2025-08-09 16:26:14,0.6357677549483328,5.990158877297037,3.558722854740677,2025_IWOOS_id5
2025-08-09 18:24:40,0.3833852874829835,7.701626240294576,3.761420290213863,2025_IWOOS_id5
2025-08-09 20:24:13,0.3656419535677675,5.987107140099053,3.593555962246098,2025_IWOOS_id5
2025-08-09 22:25:17,0.2945999954300372,7.716621777412556,3.8678389729043587,2025_IWOOS_id5
2025-08-10 00:31:40,0.4406348272135765,6.007537904434524,3.5764410596709952,2025_IWOOS_id5
2025-08-10 02:23:29,0.32754694001129037,5.132587878555479,3.5114641394706774,2025_IWOOS_id5
2025-08-10 04:23:29,0.2846709505185133,8.778005784376925,4.142822538544723,2025_IWOOS_id5
2025-08-10 06:22:57,0.3092900278997071,13.007162431845295,5.318180920422637,2025_IWOOS_id5
2025-08-10 08:23:38,0.23441724057918448,12.551589953651497,5.86281228570262,2025_IWOOS_id5
2025-08-10 10:23:33,0.3262142946734161,13.49427189544429,5.694579341921654,2025_IWOOS_id5
2025-08-10 12:23:36,0.388580321780968,13.062505878621891,5.298396245691795,2025_IWOOS_id5
2025-08-10 14:23:01,0.2588995122487898,15.137833940210154,7.745268192769217,2025_IWOOS_id5
2025-08-10 16:23:31,0.10189470272891216,9.166882166447776,5.006571702760827,2025_IWOOS_id5
2025-08-10 18:23:00,0.25131180986840135,14.22121993162084,7.083034012456611,2025_IWOOS_id5
2025-08-10 20:22:56,0.20949645038974307,11.833274749858505,5.154582713934652,2025_IWOOS_id5
2025-08-10 22:23:23,0.26605054098374725,12.784641941501196,5.307176781793698,2025_IWOOS_id5
2025-08-11 00:22:56,0.3845291180922278,6.520796720384389,3.6117138108821805,2025_IWOOS_id5
2025-08-11 02:24:49,0.3230754877162023,5.250243375540364,3.5561064300362,2025_IWOOS_id5
2025-08-11 04:23:35,0.3369243151815332,6.238640179365428,3.5665340543100275,2025_IWOOS_id5
2025-08-11 06:23:32,0.3385350558877761,8.445251249089406,3.855816695407882,2025_IWOOS_id5
2025-08-11 08:23:28,0.19557224098767423,14.67360902579904,7.511971314394288,2025_IWOOS_id5
2025-08-11 10:23:29,0.3633531691891197,9.00529354359035,3.885004695413545,2025_IWOOS_id5
2025-08-11 12:23:31,0.2214418643068928,10.25578053363179,5.119460062814727,2025_IWOOS_id5
2025-08-11 14:23:27,0.23371496902915134,13.770127294938794,6.471991197109648,2025_IWOOS_id5
2025-08-11 16:23:32,0.3808899675608607,8.072514960783279,3.813489403677035,2025_IWOOS_id5
2025-08-11 18:23:31,0.37822088543981963,8.187070949287763,3.806979330856477,2025_IWOOS_id5
2025-08-11 20:23:00,0.16675462014924564,9.32670141380312,4.608459318247689,2025_IWOOS_id5
2025-08-11 22:23:32,0.3080754505415816,8.758372780584104,3.9293325658386906,2025_IWOOS_id5
2025-08-12 00:23:27,0.1085444112365454,6.122335321605952,3.9548024464223146,2025_IWOOS_id5
2025-08-12 02:23:57,0.2628187830800604,14.225458725020514,6.340878955949839,2025_IWOOS_id5
2025-08-12 04:23:27,0.2232523698569539,13.511509399448268,6.673959264217847,2025_IWOOS_id5
2025-08-12 06:23:32,0.19687024788476723,14.533441614675889,7.6303399695630745,2025_IWOOS_id5
2025-08-12 08:22:58,0.07723453235984332,14.034285826001248,6.821412852075506,2025_IWOOS_id5
2025-08-12 10:24:07,0.04027947688330391,9.783810207295893,6.547254570796656,2025_IWOOS_id5
2025-08-12 12:23:21,0.11578915557775107,14.740858856264087,8.30834720888799,2025_IWOOS_id5
2025-08-12 14:23:04,0.03546201671191843,6.454508535835501,4.459087204167362,2025_IWOOS_id5
2025-08-12 16:23:32,0.03534004643730985,7.901512906012022,5.572078702352371,2025_IWOOS_id5
2025-08-12 18:23:02,0.03316527442263853,6.1145398530315225,4.554392271040031,2025_IWOOS_id5
2025-08-12 20:22:54,0.14190570302653463,12.98733952360804,5.780356199334228,2025_IWOOS_id5
2025-08-12 22:23:23,0.3032445923996176,13.448272008950344,5.331177220905166,2025_IWOOS_id5
2025-08-13 00:22:56,0.30752923227290957,7.968038791448994,3.831530545169915,2025_IWOOS_id5
2025-08-13 02:23:59,0.3543679948511897,7.272061267556597,3.692650440020532,2025_IWOOS_id5
2025-08-13 04:23:00,0.25668326993259166,14.01429297731569,6.328655476370436,2025_IWOOS_id5
2025-08-13 06:22:55,0.14343744599592687,12.999477629896115,6.297790892302125,2025_IWOOS_id5
2025-08-13 08:24:28,0.1291404000012605,11.130806208536216,6.351661393699876,2025_IWOOS_id5
2025-08-13 10:23:21,0.18806387701923868,15.25420977375914,7.915204109010289,2025_IWOOS_id5
2025-08-13 12:23:22,0.07089646041901795,14.12927191501992,7.503099393717677,2025_IWOOS_id5
2025-08-13 14:22:57,0.06126588653392326,12.588145825170539,6.491764422120287,2025_IWOOS_id5
2025-08-13 16:22:55,0.02434006180275074,7.723459397801711,5.091849705774503,2025_IWOOS_id5
2025-08-13 16:22:55,0.02434006180275074,7.723459397801711,5.091849705774503,2025_IWOOS_id5
2025-08-13 18:22:57,0.024372772899140555,5.353115728381692,4.143287170251582,2025_IWOOS_id5
2025-08-13 20:22:57,0.01602780444486473,6.836802739860105,4.548051561309676,2025_IWOOS_id5
2025-08-13 22:22:53,0.0178902575514273,8.427282207947574,5.814250537735941,2025_IWOOS_id5
2025-08-14 00:22:53,0.02479077996257447,8.273173822638663,6.10486458347194,2025_IWOOS_id5
2025-08-14 02:22:57,0.03050704828735089,8.604081965769902,6.543401251788179,2025_IWOOS_id5
2025-08-14 04:22:56,0.0290536548922509,8.049170217013145,6.129696903435097,2025_IWOOS_id5
2025-08-14 06:22:55,0.16937214613940407,15.188157081953728,8.481876599612235,2025_IWOOS_id5
2025-08-14 08:23:27,0.15252217404523494,15.983938638973152,9.230801151729644,2025_IWOOS_id5
2025-08-14 10:23:26,0.16228133254335184,15.965180169708056,9.252227436383695,2025_IWOOS_id5
2025-08-14 12:23:00,0.2717383009104582,13.933534379053496,6.822396543861349,2025_IWOOS_id5
2025-08-14 14:23:29,0.21614961042470035,13.397503969197606,5.93097280221417,2025_IWOOS_id5
2025-08-14 16:23:29,0.31430614921223105,9.614797117423741,4.13376246844594,2025_IWOOS_id5
2025-08-14 18:22:54,0.3831720500489235,12.153764210096947,4.6825604148778,2025_IWOOS_id5
2025-08-14 20:23:28,0.26872945126796943,12.927902248844584,5.535406037711295,2025_IWOOS_id5
2025-08-14 22:23:26,0.16879847434814804,14.971041276279227,7.428522603653006,2025_IWOOS_id5
2025-08-14 22:23:26,0.16879847434814804,14.971041276279227,7.428522603653006,2025_IWOOS_id5
2025-08-15 00:25:07,0.23580974190618115,14.634977384074405,8.59601129635606,2025_IWOOS_id5
2025-08-15 02:23:22,0.23555189222307207,15.655320360524893,9.030097315626117,2025_IWOOS_id5
2025-08-15 04:23:22,0.21560730780165083,15.440814438628866,8.704805072506836,2025_IWOOS_id5
2025-08-15 06:23:34,0.22914252621796866,14.87236712525142,8.137799118417297,2025_IWOOS_id5
2025-08-15 08:23:30,0.14894711972027394,14.720357739102512,7.46146794350181,2025_IWOOS_id5
2025-08-15 10:23:27,0.10711845411876607,14.224764166619297,7.388031516151611,2025_IWOOS_id5
2025-08-15 12:23:23,0.08262033357255681,12.416630372216856,7.744963282971382,2025_IWOOS_id5
2025-08-15 14:22:57,0.09950720918240301,14.617253619488396,7.492168225079468,2025_IWOOS_id5
2025-08-15 16:23:19,0.08310578104052521,13.67746036548882,7.3442608617670295,2025_IWOOS_id5
2025-08-15 18:22:57,0.0743527756218869,12.289388407377032,6.240868702382129,2025_IWOOS_id5
2025-08-15 20:22:54,0.10150382213290794,14.746952843879752,8.21700440813248,2025_IWOOS_id5
2025-08-15 22:23:19,0.03880152382536503,8.214854336859984,4.752937773292688,2025_IWOOS_id5
2025-08-16 00:22:58,0.020296588830893116,5.674585680132353,4.7859519009215745,2025_IWOOS_id5
2025-08-16 02:22:56,0.16843849117121834,13.673557569187667,7.701080445902376,2025_IWOOS_id5
2025-08-16 04:22:58,0.08079679702177298,12.077551302653395,5.336682035698409,2025_IWOOS_id5
2025-08-16 06:22:58,0.103916202144886,4.202974690432166,3.576158553247857,2025_IWOOS_id5
2025-08-16 08:22:57,0.34865880078808403,5.662577504567074,3.7061774276514434,2025_IWOOS_id5
2025-08-16 10:23:28,0.5349031732047759,4.353084070971048,3.611723144576411,2025_IWOOS_id5
2025-08-16 12:23:27,0.454157434410894,4.278456049567295,3.7991530954785544,2025_IWOOS_id5
2025-08-16 14:23:28,0.5692792244360517,4.691503152444427,3.7111706375098974,2025_IWOOS_id5
2025-08-16 16:23:22,0.5422720437359244,4.540169190839109,3.64735481713457,2025_IWOOS_id5
2025-08-16 18:22:58,0.3000963044323345,4.794907240819717,3.6577932632944745,2025_IWOOS_id5
2025-08-16 20:22:54,0.3367775130136601,5.409329256599305,3.6489643946181665,2025_IWOOS_id5
2025-08-16 22:23:26,0.212254899157275,5.241885966397281,3.575210713752207,2025_IWOOS_id5
2025-08-17 00:29:06,0.24519585333944385,5.497313581547344,3.5930785040605255,2025_IWOOS_id5
2025-08-17 02:24:29,0.20783318000783446,6.7755474805551605,3.763435796485151,2025_IWOOS_id5
2025-08-17 04:23:27,0.07803394894411149,5.79478371298039,3.9602679195499135,2025_IWOOS_id5
2025-08-17 06:25:20,0.13158769148782487,11.620853042988788,5.004907252517012,2025_IWOOS_id5
2025-08-17 08:24:21,0.12389273724734311,14.5345448250573,7.146629716225251,2025_IWOOS_id5
2025-08-17 10:23:54,0.11904147803541802,12.387480656268169,6.533179378047477,2025_IWOOS_id5
2025-08-17 12:23:32,0.07119617482935638,6.9635248646998145,5.182046067896922,2025_IWOOS_id5
2025-08-17 14:24:40,0.05425919617474948,5.900819818136942,4.247907711957537,2025_IWOOS_id5
2025-08-17 16:25:28,0.05061541654851443,8.642545941675506,5.001339424873355,2025_IWOOS_id5
2025-08-17 18:24:35,0.08384210438258646,12.87484649019508,6.53901072438985,2025_IWOOS_id5
2025-08-17 20:24:58,0.20064921709922473,12.797861686712816,6.034625588919068,2025_IWOOS_id5
2025-08-17 22:23:57,0.30154419527031545,10.114005095066965,4.297428375680465,2025_IWOOS_id5
2025-08-18 00:25:09,0.28721786112131054,8.67850451549893,3.981383610169143,2025_IWOOS_id5
2025-08-18 02:23:32,0.21885572837553485,5.608207804095958,3.6644093145012344,2025_IWOOS_id5
2025-08-18 04:23:40,0.42190549312118397,4.8974643432774085,3.7291120859556917,2025_IWOOS_id5
2025-08-18 06:25:23,0.37005793683761423,4.169814129296289,3.6206869319207855,2025_IWOOS_id5
2025-08-18 08:24:01,0.3053800284204822,5.439455061940747,3.593887051411397,2025_IWOOS_id5
2025-08-18 10:23:49,0.18913913131774787,5.862724933792697,3.8242512028487177,2025_IWOOS_id5
2025-08-18 12:24:22,0.26711263691662585,11.845687970572266,4.8105499604950035,2025_IWOOS_id5
2025-08-18 14:24:50,0.32490716660772,8.793529447021914,3.9988687187999177,2025_IWOOS_id5
2025-08-18 16:25:18,0.11673843985107175,5.647235577618071,3.8960016286890697,2025_IWOOS_id5
2025-08-18 18:23:33,0.1874629006679195,5.687694100474949,3.70428144086515,2025_IWOOS_id5
2025-08-18 20:25:31,0.18286244284459635,7.7560558691111,4.008508011776943,2025_IWOOS_id5
2025-08-18 22:26:03,0.09347618959286463,5.516533667901008,3.9440970976797884,2025_IWOOS_id5
2025-08-19 00:25:35,0.19334055503228317,9.28228785088088,4.221402607128752,2025_IWOOS_id5
2025-08-19 02:23:29,0.2323076497274353,9.587547012096314,4.509677508711431,2025_IWOOS_id5
2025-08-19 04:24:23,0.18032572723487938,6.129088386037261,3.734807047085774,2025_IWOOS_id5
2025-08-19 06:24:35,0.15883479502983847,4.6832152356679915,3.6607202104254317,2025_IWOOS_id5
2025-08-19 08:23:48,0.21995408710404635,5.7871556543077345,3.7336233081721417,2025_IWOOS_id5
2025-08-19 10:24:02,0.14117785536766497,4.660389652162001,3.7629126788791423,2025_IWOOS_id5
2025-08-19 12:24:29,0.18873999098868968,4.215314583319266,3.6252284444296614,2025_IWOOS_id5
2025-08-19 14:26:24,0.20564027394245762,5.9157736027883026,3.827566033106562,2025_IWOOS_id5
2025-08-19 16:23:32,0.28972603956735965,6.286618733086319,3.998075348184076,2025_IWOOS_id5
2025-08-19 18:26:59,0.4140806834763305,6.2681103479914615,3.6488685083719443,2025_IWOOS_id5
2025-08-19 20:25:20,0.24599524594011019,7.319346059067536,4.18968893956931,2025_IWOOS_id5
2025-08-19 22:23:56,0.25704040606684986,7.655366692710496,4.037824639066786,2025_IWOOS_id5
2025-08-20 00:24:21,0.3805664970473345,5.2634130891644055,3.590485949931361,2025_IWOOS_id5
2025-08-20 00:24:21,0.3805664970473345,5.2634130891644055,3.590485949931361,2025_IWOOS_id5
2025-08-20 02:23:52,0.3106387478444811,5.578443319364065,3.661885514412314,2025_IWOOS_id5
2025-08-20 04:26:20,0.3007818691263225,7.481336956613698,3.9718034621165654,2025_IWOOS_id5
2025-08-20 06:28:30,0.22836137533714945,6.950505520996597,4.107241303063701,2025_IWOOS_id5
2025-08-20 08:24:26,0.28552082176390914,8.198019429079103,4.166719960934149,2025_IWOOS_id5
2025-08-20 10:24:54,0.14402557380364414,5.405823522020987,3.843774048262122,2025_IWOOS_id5
2025-08-20 12:26:27,0.2902314984022359,8.824383065922328,3.987270325440189,2025_IWOOS_id5
2025-08-20 14:24:00,0.22090735822860041,5.103802064042296,3.6026114568201293,2025_IWOOS_id5
2025-08-20 16:23:42,0.1316296164094796,4.837231883344064,3.658485772499172,2025_IWOOS_id5
2025-08-20 18:23:53,0.15191357722449816,5.380525243998454,3.7547821678239917,2025_IWOOS_id5
2025-08-20 20:23:50,0.15161922102765868,4.32207114741395,3.5947994130474314,2025_IWOOS_id5
2025-08-20 22:24:09,0.0,,,2025_IWOOS_id5
2025-08-21 00:24:21,0.2835957559132752,4.273575094505893,3.6063635447463662,2025_IWOOS_id5
2025-08-21 02:24:31,0.24823799707538963,4.683771243899561,3.5739268059260483,2025_IWOOS_id5
2025-08-21 04:25:46,0.33701604379882777,5.0463016720202996,3.55361323626576,2025_IWOOS_id5
2025-08-21 06:23:43,0.392469389574701,5.139138242710601,3.5855828334774014,2025_IWOOS_id5
2025-08-21 08:23:55,0.1739761738198383,5.020052156826499,3.5662200462060536,2025_IWOOS_id5
2025-08-21 10:25:57,0.27879606262077505,4.627284404773544,3.5063253850941454,2025_IWOOS_id5
2025-08-21 12:24:15,0.2565914695129325,4.584397112522614,3.50744308750175,2025_IWOOS_id5
2025-08-21 14:24:53,0.4090950775223896,6.3415182507760175,3.663586645546192,2025_IWOOS_id5
2025-08-21 16:23:55,0.38685025519642846,5.3969785610363346,3.5950953485957866,2025_IWOOS_id5
2025-08-21 18:24:21,0.6057503782904059,6.089326022491939,3.599197909827807,2025_IWOOS_id5
2025-08-21 20:25:52,0.3602168809437104,8.010952854532464,3.896246677426126,2025_IWOOS_id5
2025-08-21 22:28:50,0.42192355608123117,5.381693121392698,3.5562546616859745,2025_IWOOS_id5
2025-08-22 00:24:28,0.34615983729743754,6.57275458163305,3.613367422423656,2025_IWOOS_id5
2025-08-22 02:24:30,0.36924375160797496,4.9166500008936005,3.6062383913246454,2025_IWOOS_id5
2025-08-22 04:24:11,0.22855415614432156,4.579884639601273,3.6399466079935054,2025_IWOOS_id5
2025-08-22 06:25:50,0.14691197152856258,5.087378364220715,3.661252055594288,2025_IWOOS_id5
2025-08-22 08:24:58,0.24296718467612896,5.499148473595364,3.6388845952012763,2025_IWOOS_id5
2025-08-22 10:23:56,0.12914013761691612,4.089173254757707,3.598917953765796,2025_IWOOS_id5
2025-08-22 12:24:15,0.25801880569814795,4.680591224859543,3.475742330038444,2025_IWOOS_id5
2025-08-22 14:23:57,0.19537314072286627,4.856626949383206,3.54864848603009,2025_IWOOS_id5
2025-08-22 16:25:41,0.29511383493289695,4.317627822256739,3.514793021595853,2025_IWOOS_id5
2025-08-22 18:23:57,0.3007809667746613,4.771036773834287,3.5931630585007968,2025_IWOOS_id5
2025-08-22 20:25:10,0.15607164393725823,5.407163699744006,3.645633432442173,2025_IWOOS_id5
2025-08-22 22:28:53,0.13353498400070582,6.479989718965691,3.6707385868320923,2025_IWOOS_id5
2025-08-23 00:25:16,0.05911372141134742,4.702282896140718,3.561598685733769,2025_IWOOS_id5
2025-08-23 02:24:02,0.09065250978124675,5.119210153440843,3.5479639489515247,2025_IWOOS_id5
2025-08-23 04:28:23,0.07907535814553893,4.956731430824814,3.5279742359242925,2025_IWOOS_id5
2025-08-23 06:23:32,0.1664911563767967,11.409079431222493,4.58144315441771,2025_IWOOS_id5
2025-08-23 08:24:00,0.15819282925582087,14.13060050129173,6.5128793735362125,2025_IWOOS_id5
2025-08-23 10:24:08,0.0946002171363243,13.909001336479193,7.2743295747157966,2025_IWOOS_id5
2025-08-23 12:25:52,0.18085158323304834,13.943091910440085,6.223651876897936,2025_IWOOS_id5
2025-08-23 14:26:42,0.16918039449694586,14.675186947648124,8.310014623701294,2025_IWOOS_id5
2025-08-23 16:23:56,0.1879446262835977,14.771185673647372,8.373777993428176,2025_IWOOS_id5
2025-08-23 18:25:26,0.10021387055490362,14.758254150682228,8.859817576057182,2025_IWOOS_id5
2025-08-23 20:23:47,0.0739884097405018,12.566541504873312,6.714446375100639,2025_IWOOS_id5
2025-08-23 22:25:15,0.04494745551070379,6.126490134426735,3.7337761008339125,2025_IWOOS_id5
2025-08-24 00:25:49,0.09656842837883542,5.551418248228564,3.5446339992325413,2025_IWOOS_id5
2025-08-24 02:23:34,0.12286545250588228,3.7764883258226165,3.646915721773944,2025_IWOOS_id5
2025-08-24 04:24:09,0.07865069696088584,3.538061085699728,3.512550369625508,2025_IWOOS_id5
2025-08-24 06:23:40,0.13543328345348354,3.6502771890378467,3.521365930856086,2025_IWOOS_id5
2025-08-24 08:27:17,0.13130345751813405,3.786331180788219,3.554244596666663,2025_IWOOS_id5
2025-08-24 10:25:07,0.15384661249738682,6.14652544416323,3.669939958893417,2025_IWOOS_id5
2025-08-24 12:27:55,0.2175073377376182,6.844852170934692,3.6912170438250524,2025_IWOOS_id5
2025-08-24 14:25:19,0.2672690186557059,7.038558671494663,3.70323410102327,2025_IWOOS_id5
2025-08-24 16:23:52,0.2826179250952895,5.575355883243432,3.592082500770059,2025_IWOOS_id5
2025-08-24 18:24:14,0.2589814254088721,5.3433530754171015,3.644060263468746,2025_IWOOS_id5
2025-08-24 20:26:17,0.16789741818736564,5.934366573353269,3.723879393575251,2025_IWOOS_id5
2025-08-24 22:25:02,0.1267948957676444,8.95753259651656,4.200348835264102,2025_IWOOS_id5
2025-08-25 00:23:39,0.0485320087669085,4.016416635456263,3.5673058154519546,2025_IWOOS_id5
2025-08-25 02:23:50,0.08655400929047175,4.130289482824079,3.6615888858224457,2025_IWOOS_id5
2025-08-25 04:25:03,0.06742248789490314,3.905682352549616,3.5743680864932585,2025_IWOOS_id5
2025-08-25 06:24:19,0.024016944640796605,4.9542598991574485,3.833368469219579,2025_IWOOS_id5
2025-08-25 08:23:33,0.07254349395800368,12.309343387932893,6.177858266990773,2025_IWOOS_id5
2025-08-25 10:23:56,0.04455215651706297,8.814808221878263,5.41208312576503,2025_IWOOS_id5
2025-08-25 12:26:42,0.06189594445442453,9.23808527071578,5.7176389139968435,2025_IWOOS_id5
2025-08-25 14:23:31,0.056758105622814144,10.08299605170296,5.907444217467972,2025_IWOOS_id5
2025-08-25 16:23:55,0.053965074352379454,10.631650016161446,5.679850416827631,2025_IWOOS_id5
2025-08-25 18:24:28,0.02054987541885731,6.566138682526737,5.394948484469191,2025_IWOOS_id5
2025-08-25 20:25:14,0.0330065675640909,6.4103893715955556,4.481486366329981,2025_IWOOS_id5
2025-08-25 22:23:51,0.12757983291615627,13.082016795654726,7.254724227255569,2025_IWOOS_id5
2025-08-26 00:24:08,0.13238760677318323,8.029584282159034,4.163339460148445,2025_IWOOS_id5
2025-08-26 02:23:53,0.10285583755682684,4.938157686871998,3.833654666106529,2025_IWOOS_id5
2025-08-26 04:24:25,0.12109247227848075,7.651813089780623,4.215334775385187,2025_IWOOS_id5
2025-08-26 06:23:57,0.1768389189007653,13.850203488274689,7.216501436034758,2025_IWOOS_id5
2025-08-26 09:14:34,0.11494799130700474,13.226939088379478,6.36284050164459,2025_IWOOS_id5
2025-08-26 10:22:45,0.10437380369755463,12.011080820672724,6.324168683557685,2025_IWOOS_id5
2025-08-26 12:22:58,0.10806307059509265,12.627615598161185,6.281218640252121,2025_IWOOS_id5
2025-08-26 14:23:26,0.10311974176585431,11.870636890490314,6.091822125979523,2025_IWOOS_id5
2025-08-26 16:23:03,0.23515248707079925,14.495934481005039,7.292170227767606,2025_IWOOS_id5
2025-08-26 18:23:24,0.21223564053998514,12.71485793559292,6.535998615631124,2025_IWOOS_id5
2025-08-26 20:22:53,0.11292814145941343,9.734219280659618,5.938718226583338,2025_IWOOS_id5
2025-08-26 22:23:14,0.13871185555803064,11.926316876515177,6.272276435658327,2025_IWOOS_id5
2025-08-27 00:23:24,0.05437322331889164,7.746228988519957,5.370132479351011,2025_IWOOS_id5
2025-08-27 02:22:52,0.06535292822285688,6.553373329559647,5.943017093512362,2025_IWOOS_id5
2025-08-27 04:22:54,0.035420684143420936,5.9483520190540204,4.926231452903514,2025_IWOOS_id5
2025-08-27 06:22:53,0.03238169789655764,5.734013304963918,4.87003803015612,2025_IWOOS_id5
2025-08-27 08:22:57,0.04441838129142679,6.486103818769099,4.717504221774001,2025_IWOOS_id5
2025-08-27 10:23:18,0.04476538383028274,7.167402021870725,4.8965397976372875,2025_IWOOS_id5
2025-08-27 12:22:55,0.062054292608316096,8.866550480390563,5.94298997606533,2025_IWOOS_id5
2025-08-27 14:23:26,0.22885929117876394,10.008058815779938,4.210721964415091,2025_IWOOS_id5
2025-08-27 16:23:00,0.19760285248297738,11.798786160367378,5.244431857166968,2025_IWOOS_id5
2025-08-27 18:23:21,0.2462842250545635,10.877305197139451,4.8299004757841715,2025_IWOOS_id5
2025-08-27 20:23:24,0.18994139578218164,6.090708348500755,3.6737699116875895,2025_IWOOS_id5
2025-08-27 22:23:30,0.24704467687132797,7.221175161302511,3.7589972055751306,2025_IWOOS_id5
2025-08-28 00:22:54,0.15692178047916755,10.997066127894815,4.803997182566022,2025_IWOOS_id5
2025-08-28 02:24:43,0.28013785393287616,12.839943352735059,5.7072834120685885,2025_IWOOS_id5
2025-08-28 04:23:18,0.1805732089784953,5.896466239376576,3.832958452370589,2025_IWOOS_id5
2025-08-28 06:23:21,0.3828248779886604,5.238334405863805,3.5540621622301702,2025_IWOOS_id5
2025-08-28 08:23:34,0.2721320859364094,7.288015041977154,3.8205329848679477,2025_IWOOS_id5
2025-08-28 10:22:56,0.19673457759736065,10.243106945694713,4.549686527446744,2025_IWOOS_id5
2025-08-28 12:23:28,0.1161418049532331,10.586781696409835,5.407153154790695,2025_IWOOS_id5
2025-08-28 14:23:00,0.09837952422098888,9.850605130504288,5.339219054423559,2025_IWOOS_id5
2025-08-28 16:22:59,0.12400898722281008,8.131523001200435,4.321808167028374,2025_IWOOS_id5
2025-08-28 18:23:47,0.18392533327780866,4.795221276564307,3.764935577428696,2025_IWOOS_id5
2025-08-28 20:23:23,0.19314306124548566,5.735714517093027,3.811292451550677,2025_IWOOS_id5
2025-08-28 22:23:15,0.16276197165037373,5.246541885406754,3.7136217985589184,2025_IWOOS_id5
2025-08-29 00:23:19,0.169733155866808,4.354974947096429,3.7026154546466605,2025_IWOOS_id5
2025-08-29 02:22:54,0.1575045890916644,5.154859874247499,4.039421012711051,2025_IWOOS_id5
2025-08-29 04:22:53,0.13924123505160654,5.670578417118505,4.237167536102066,2025_IWOOS_id5
2025-08-29 06:22:57,0.1252045128378432,5.910529644256969,4.814821022159023,2025_IWOOS_id5
2025-08-29 08:22:56,0.13712568405021255,5.222038653800401,4.472928674184857,2025_IWOOS_id5
2025-08-29 10:23:03,0.14298879141724982,5.001282851241723,4.492801442953422,2025_IWOOS_id5
2025-08-29 12:22:58,0.14231927508577244,5.035131602579166,4.626784532987648,2025_IWOOS_id5
2025-08-29 14:23:04,0.16977947375935046,5.1001017584135475,4.680400646219884,2025_IWOOS_id5
2025-08-29 16:22:56,0.24280420674473324,5.428152574207321,5.021857611795424,2025_IWOOS_id5
2025-08-29 18:22:58,0.2895876501420458,5.704930027654704,5.312273721899404,2025_IWOOS_id5
2025-08-29 20:22:58,0.3468323244422274,5.88125474893456,5.33571173040203,2025_IWOOS_id5
2025-08-29 22:22:55,0.4472401242029131,6.029097791780338,5.363798077907113,2025_IWOOS_id5
2025-08-30 00:22:52,0.5831817027501295,6.104883642254513,5.2889409393925675,2025_IWOOS_id5
2025-08-30 02:23:25,0.6285285047376243,6.377367826204204,5.689164983238512,2025_IWOOS_id5
2025-08-30 04:22:55,0.5987244376954401,6.190590885778186,5.628361443527454,2025_IWOOS_id5
2025-08-30 06:23:49,0.5103041984259402,5.97389277429973,5.264626701879981,2025_IWOOS_id5
2025-08-30 08:22:54,0.34348636150969436,5.332114026004074,4.603971343234705,2025_IWOOS_id5
2025-08-30 10:23:02,0.21782597751581712,5.073270410341008,4.541418275197412,2025_IWOOS_id5
2025-08-30 12:23:20,0.13034329522635396,5.252145081624717,4.19955289150827,2025_IWOOS_id5
2025-08-30 14:23:03,0.07365971143097982,4.935935524508782,4.4322599686088955,2025_IWOOS_id5
2025-08-30 16:22:58,0.06111401536357731,4.613655737684935,4.075785865179773,2025_IWOOS_id5
2025-08-30 18:22:54,0.06783938982736504,5.498229771861035,4.760810473907921,2025_IWOOS_id5
2025-08-30 20:22:54,0.04207590954189457,5.32306294334577,4.695995449504188,2025_IWOOS_id5
