time,trajectory,f=0.0439453125,f=0.048828125,f=0.0537109375,f=0.05859375,f=0.0634765625,f=0.068359375,f=0.0732421875,f=0.078125,f=0.0830078125,f=0.087890625,f=0.0927734375,f=0.09765625,f=0.1025390625,f=0.107421875,f=0.1123046875,f=0.1171875,f=0.1220703125,f=0.126953125,f=0.1318359375,f=0.13671875,f=0.1416015625,f=0.146484375,f=0.1513671875,f=0.15625,f=0.1611328125,f=0.166015625,f=0.1708984375,f=0.17578125,f=0.1806640625,f=0.185546875,f=0.1904296875,f=0.1953125,f=0.2001953125,f=0.205078125,f=0.2099609375,f=0.21484375,f=0.2197265625,f=0.224609375,f=0.2294921875,f=0.234375,f=0.2392578125,f=0.244140625,f=0.2490234375,f=0.25390625,f=0.2587890625,f=0.263671875,f=0.2685546875,f=0.2734375,f=0.2783203125,f=0.283203125,f=0.2880859375,f=0.29296875,f=0.2978515625,f=0.302734375,f=0.3076171875
2025-06-19 00:23:20,2025_IWOOS_id5,0.006708903482554251,0.004370233303807988,0.001985174303565802,0.0011840784845084673,0.0009625371458882436,0.0006309420226939039,0.0004694537220221467,0.00047551709571681675,0.0003881972106264476,0.00041530831302164656,0.00026247794234362354,0.0001728025923699587,0.00015889042867477284,0.00015990686515636086,0.00011979788064324557,0.00012144394712907357,9.522386861637039e-05,6.084741022432838e-05,7.808741527539273e-05,0.00011932588578545424,0.000134853278146088,9.553590507487118e-05,6.021694392368485e-05,5.613743491101308e-05,4.476971955271634e-05,5.2529112845690425e-05,5.6182792337681955e-05,4.938345689585012e-05,4.5600941448065926e-05,3.736385586467417e-05,2.4900239991171693e-05,2.1538843048010744e-05,1.5428553748091355e-05,1.471894569536043e-05,1.8552912631694434e-05,2.2045983247660042e-05,1.9920405668342254e-05,1.8876602671779012e-05,2.109440073714832e-05,2.9659284288277162e-05,2.6364758403251746e-05,1.9768354248197485e-05,2.302444201426192e-05,3.558281925736373e-05,6.045933048412328e-05,3.8932647786640964e-05,3.2284524197484564e-05,3.978062993124697e-05,6.890468440225701e-05,0.0001031566382023035,9.623486110102522e-05,0.00011709625382185271,0.00013660216947417633,0.00012146354078002704,0.0002164765110117637
2025-06-19 02:23:01,2025_IWOOS_id5,0.005492294141354344,0.006312327746760114,0.004498119166195002,0.0015580241731805295,0.0016271366254409223,0.0014102632031536492,0.0008394346609864721,0.0005460575106964451,0.0005296392236132892,0.00026987997073896344,0.00024599774721378615,0.0002811346757292275,0.00023640157896334812,0.0002036884150729812,8.170192830562225e-05,5.692780632775012e-05,7.125474848626222e-05,5.329525043222272e-05,7.0611870186846e-05,8.895008735487467e-05,7.62471413369325e-05,6.197580464885502e-05,5.381942379732059e-05,5.996204436033012e-05,4.044430463897675e-05,3.273051381879877e-05,3.444664910161722e-05,4.3500390020425034e-05,3.26200058288547e-05,3.0511348491632388e-05,4.501024929423294e-05,5.25185979176492e-05,2.3393867900606127e-05,2.667504303167509e-05,2.362464885721007e-05,2.1151238414153977e-05,1.5696597877084416e-05,2.46992921847839e-05,2.408937500635295e-05,2.8183009382652608e-05,3.664294992317732e-05,4.8152623000481894e-05,6.645286138968235e-05,6.838650756991845e-05,5.055072420552316e-05,6.125930459918427e-05,0.00013166419150317509,0.0002164873290821623,0.00028590263586603684,0.0002651520692690447,0.0002736536612033303,0.0006263736568239014,0.0009379886395993062,0.0010932070458830746,0.0009860241233478268
2025-06-19 04:22:58,2025_IWOOS_id5,0.00398688397135224,0.0031515597272339813,0.0031427342406677226,0.0032220807396489406,0.0019200006741315534,0.0017556064702938154,0.0011081039633533804,0.0008223216451370405,0.0005131788686723357,0.0004263083764548329,0.0003385627502956219,0.00030136789891674944,0.00018959820655301845,0.00018431275298436557,0.00013964837396129005,0.00011113898777680602,0.00012586068926681633,0.00018068971861439186,0.0002466969704123951,0.0002225272219940175,0.00016085729173149956,0.00015368717188363247,0.00017165116362255896,0.0001911537157555401,0.0001679526501016406,0.00012853055304523113,0.00016381285046180804,0.00011689705921274688,6.776784759021744e-05,5.138898888415689e-05,4.0732240780852446e-05,5.367500160445374e-05,5.108055334733418e-05,5.681869330995905e-05,6.480478063056286e-05,5.112324535332767e-05,3.781295255721065e-05,4.026152717029128e-05,4.0301267025324086e-05,2.8319069000820765e-05,2.8591893065231092e-05,3.943231530715159e-05,4.4209036525966465e-05,4.353449804402095e-05,7.972281050494928e-05,0.00010403822054501097,0.00011134750465839723,0.00024361347085232157,0.00024275606019873912,0.000196476487736449,0.00027262247168229607,0.0002246459009273729,0.0006964193898691375,0.0011053242921937744,0.0013003992218999893
2025-06-19 06:23:04,2025_IWOOS_id5,0.058905651477854724,0.02775628942577289,0.011955051431010291,0.006869917243314115,0.007079000316450357,0.0055789440810927494,0.0039054154835678127,0.003387244177518638,0.002715215437338968,0.001816460430386326,0.0007671345886191769,0.0008324491290669804,0.0007571211485003056,0.0006299308577927413,0.0005044899932137453,0.0005323800778521168,0.0006009923381304292,0.0005193223968328017,0.0005234855875646513,0.00036946993681603434,0.000404629599382928,0.0007425179074675072,0.0007328680899170362,0.00033902902604120903,0.0003471672815754771,0.0005631203847157227,0.0006012954335985511,0.0005963588682675375,0.0004471966745549238,0.00036916820259029877,0.0003566215711464371,0.0002902093336645378,0.00027704448885884945,0.0002472756028656774,0.00022338159354281376,0.00018253678265585114,0.00014145145531740058,0.00011934555410726752,0.00013542869384040667,0.00015078486382203942,0.00011175403404631155,0.00013210588384924825,0.00014706826790664035,0.00015337659280618832,0.00018640939077184743,0.00013162266782624414,0.00012192407196647868,0.0001583303394847194,0.00014838591182851909,0.00046150241207521306,0.0007331307238395691,0.00038000808600775006,0.0005799460092049319,0.000930157113532916,0.001317931353003933
2025-06-19 08:23:31,2025_IWOOS_id5,0.04692140695695621,0.04409095516054073,0.03176987557782014,0.019390989609762523,0.016537339545997086,0.007452903262430145,0.007924820439372659,0.0062963484001827014,0.004314562931778606,0.0047152252071358145,0.003295448144153855,0.0022830812659465744,0.0015310194093029602,0.0012739367618940182,0.0012051319183093855,0.0008413222333476765,0.0004721703753864076,0.0007247361392485658,0.0006426086220754362,0.0004457285895095614,0.0004917299480092847,0.0004266017714147754,0.0002558400600659981,0.00020029167015263077,0.00027510317301311107,0.00031801767562222443,0.0003527302579776344,0.00046102227419043794,0.0003628824730549835,0.0003131450528829584,0.0003992122786506202,0.0004769858818059451,0.0003700304316557032,0.0002539680840036278,0.0002679082765545623,0.00021976606451658552,0.00014106517450149637,0.00015550250925291183,0.00012806212979666606,0.00011581706789452539,0.00013222031250027848,0.00011818619797536905,0.00014639915733338538,8.454641190844338e-05,0.0001322603944582166,0.00025058358554649895,0.00022988332545455966,0.00019543975725526736,0.00026950854018942125,0.0006254685971755195,0.0005231337399136596,0.0003669398515975954,0.0007144441899589218,0.0007935172233386038,0.000925844628696423
2025-06-19 10:23:08,2025_IWOOS_id5,0.055576567509151846,0.0412545387087095,0.02481293876033935,0.017403710985256397,0.01427609734558983,0.014573935291688949,0.012809455748840815,0.007910499954499437,0.003060391211901911,0.0020257521517956915,0.001763153416263305,0.0019326332180841115,0.0017027249148611307,0.0013174501124560089,0.0008135812537690317,0.0007532192852545423,0.0009811461664675804,0.0009566694146641805,0.0008398598584273972,0.0007569415828469079,0.0007856385916146222,0.0003748946202546915,0.00043711485410200825,0.0005019970730830049,0.0003339392336952568,0.00023465396777508777,0.0002534989053654806,0.0002185265827590338,0.00028350714481961795,0.00041133043955391075,0.0003689200882840507,0.0003889436084233141,0.0005456588596903803,0.00047090382636904915,0.00022816088825496566,0.00017962678996777032,0.00020179696011560246,0.0002396536138761433,0.00011473543007535176,0.0001337597949475464,0.0002009854813273086,0.00015604337786639076,0.00022323260961603354,0.0002260628559299633,0.0002124855617479787,0.0003925716073617462,0.0006479797920699254,0.0006697149382128388,0.0003778124919090481,0.00032727421128054385,0.000337929775470322,0.00041228906077032853,0.0003815834858225402,0.0005289528800894001,0.0006196753700398841
2025-06-19 12:23:26,2025_IWOOS_id5,0.09988603119612882,0.03056362663775942,0.015389196423039566,0.01624698107942426,0.018387785027456367,0.016292644131077495,0.012904196160746074,0.009211570284576935,0.006485885520831457,0.004351222811647156,0.002622587743479362,0.0020710923021062797,0.0014904394007538417,0.0011244720064563568,0.0007380366013749786,0.0004104912003223294,0.00027722460819106073,0.0003228624461342673,0.0003564357390595411,0.0003559619615456505,0.00034826733386224105,0.00027791427093822616,0.0002592602069575126,0.00022808268079433134,0.0002066806102116962,0.00037036024003890463,0.0002696802771161172,0.00010684596057772562,0.00010016151159873787,8.916046684359347e-05,8.20187125744696e-05,7.898803620202363e-05,7.146363481701686e-05,9.099231105298521e-05,0.00010579937781626442,0.000141072680556099,0.00011201321061503415,4.398858678773306e-05,3.3907828324745694e-05,4.8451222173461954e-05,8.442338195121706e-05,7.564552481383104e-05,4.233678109668916e-05,4.891351275855114e-05,3.880330075740866e-05,5.630086182340937e-05,5.37266481222915e-05,6.032875197365256e-05,7.23452840535029e-05,5.592484488266952e-05,5.065089531744889e-05,6.67145936523862e-05,7.928523466808557e-05,7.317124210522765e-05,4.6868010530372146e-05
2025-06-19 14:22:59,2025_IWOOS_id5,0.09628610104106428,0.059957964245168444,0.043348960391877196,0.021089814308833155,0.01685767449738964,0.012425344288861663,0.00862758706287961,0.005308501718314069,0.004654066266037274,0.0032410558806703787,0.002127470465616295,0.0016052322772865343,0.0013808762207498163,0.001153374118272725,0.0007729604517673273,0.0006355420815833091,0.0005473693649910743,0.00043494577934098503,0.0002671256244798628,0.000218999044161732,0.00019705604922202823,0.00017119873841295972,0.00011614201498122202,0.00011504795595314749,9.256834979788712e-05,9.16331402951103e-05,5.815730102071036e-05,5.1442286353946367e-05,3.579720533022712e-05,3.4540020589861316e-05,2.7539633634393495e-05,2.567675945363098e-05,2.7550051038908223e-05,2.0142171277343912e-05,1.5608185377620793e-05,1.9608631302263198e-05,1.201288130579253e-05,9.069715498183976e-06,1.0933402324986782e-05,1.3274795099521711e-05,1.2303469187105179e-05,1.0287547003339984e-05,5.549472585184974e-06,9.358727222998204e-06,1.0571655408157133e-05,9.211782789297147e-06,1.0032416630262879e-05,1.3747011304327492e-05,1.4359531872124662e-05,1.2140849046356834e-05,1.4891210090688278e-05,2.479621214726504e-05,2.0107572560493662e-05,1.4154312476660078e-05,1.1201600782373598e-05
2025-06-19 16:22:59,2025_IWOOS_id5,0.022338337920913505,0.012807275567128754,0.00619737657808261,0.004927439270799503,0.0031998208881481747,0.0018070198061892369,0.0013595555107760403,0.0008302600941581433,0.000689887289412802,0.0004163909295273966,0.00038092028060258444,0.0003696232916436096,0.00022139314540430943,0.00021110219415049368,0.00012112823216641204,0.00012080674415472339,0.00010833418594422956,6.951112062157914e-05,8.995479780193773e-05,7.104598622312122e-05,7.523016876267865e-05,6.1442653603379e-05,4.527400163413107e-05,6.37268099812035e-05,3.7748186406006636e-05,3.35783053409253e-05,4.114005566660082e-05,2.822350397508851e-05,3.545185867802592e-05,2.1479401451920818e-05,2.0636942517010724e-05,2.113923357811864e-05,1.5431426416740485e-05,2.0056970924036244e-05,1.5063544889923063e-05,1.8977123193746364e-05,1.97081787786124e-05,1.6319502636990908e-05,1.7184555984686147e-05,1.014674865333248e-05,1.25250634916578e-05,1.4723723526086064e-05,1.8619126049001053e-05,1.554762855763394e-05,1.4230473007976304e-05,1.3629740472694263e-05,1.7156022140136204e-05,3.078215866355207e-05,2.7810427599843306e-05,2.3470260901168885e-05,5.4261159460444355e-05,8.491033379911404e-05,8.3857397814143e-05,7.600564427542113e-05,8.708880689469931e-05
2025-06-19 18:22:55,2025_IWOOS_id5,0.09802812491642654,0.040932589085606215,0.03563780789677884,0.009799857720541651,0.009400489519545514,0.0032296964920791606,0.003568019308741208,0.0016032409559827957,0.001672881595507903,0.0011137623681632578,0.0005540755546996505,0.00045129800227508224,0.00020690748297604226,0.00031874003420962225,0.00022288135049842122,0.00021224939369985009,0.00020373743522150793,9.979703694771466e-05,0.00011568006090027465,7.419573022344018e-05,9.260970486209756e-05,5.878620921734819e-05,8.012390176711183e-05,3.901503922138985e-05,5.37242018184327e-05,4.3160345164103896e-05,3.2178251752434115e-05,3.4339231714402546e-05,2.5168447687306006e-05,4.063363684813614e-05,2.531766998818808e-05,2.0084856912397234e-05,2.515779445399163e-05,3.764566704147436e-05,2.8378979780325264e-05,1.318142731293535e-05,2.1043507107537377e-05,3.0606242799178364e-05,3.321447913020586e-05,2.9057952708908048e-05,3.497865361931511e-05,3.408739040837378e-05,3.0863632794160623e-05,4.4609030915047695e-05,5.2839199449999566e-05,7.80840411076854e-05,0.00013143541147192473,0.00011924963258338454,0.00015398399870890795,0.00020319612291201696,0.00029726873286777076,0.00023410986839725632,0.0002442224745798856,0.0007795438373210355,0.0009224270503047151
2025-06-19 20:23:01,2025_IWOOS_id5,0.08007303050318566,0.038966961702154884,0.03132215692065744,0.024790755537591636,0.009671833343733833,0.004173242322270841,0.0036577773614012653,0.005216657732483632,0.004338170579448381,0.0028090135700714323,0.0020173689389413724,0.0014009577416837361,0.0005379441116310805,0.0003766722800417816,0.0004844770982336869,0.0004069361657612913,0.00030050995480968316,0.00020199099800180322,0.00010544596609473013,0.0001626726328052191,0.00022523219609321544,0.000179652884437341,0.00012013458784836383,0.00012994235842232442,7.869146635418644e-05,4.641517867393907e-05,3.5084645248599185e-05,5.8386584741906215e-05,6.721579218033953e-05,6.78922239066808e-05,4.820166886447672e-05,3.376173993157946e-05,2.1670414082133617e-05,1.6483978582647852e-05,1.1764663939751955e-05,1.5312861576602514e-05,2.4328425267720583e-05,4.287117655724136e-05,3.0006609058780332e-05,2.924321609602585e-05,4.341029736003192e-05,4.850025317338666e-05,5.285625150213125e-05,6.630533754786853e-05,8.542463285707672e-05,6.622261781957346e-05,6.475869447601804e-05,9.227306403188699e-05,0.00011060439507775148,0.0001241372839637873,0.00012785796260868663,0.00017547714047162446,0.0002611163032457437,0.00033365791398465506,0.00046618093560542133
2025-06-19 22:22:58,2025_IWOOS_id5,0.07563498391612106,0.061897200461567936,0.034533170982008345,0.023787772824388303,0.01122322994403405,0.006483697884731598,0.0058948214159826795,0.003920712718508695,0.003730954536824187,0.0037789124786638917,0.0020206181920561185,0.0013054778963328976,0.000978867420579187,0.0007218624035206308,0.0009349142625889087,0.0010071849694672818,0.0005657616827343538,0.0004435856891450086,0.0004918977591132743,0.0003830835588384863,0.00021081623076817972,0.00019064684372787892,0.00025289112162625506,0.00022638221201654095,9.936467652468166e-05,8.483783140474793e-05,8.830674707430173e-05,7.69966081443581e-05,0.00010066876515510587,7.089709427902878e-05,5.443037124585806e-05,4.4784405939627795e-05,5.3368970611368576e-05,3.335805176275441e-05,4.404914196746934e-05,6.134695426146242e-05,4.263829011850939e-05,5.011862535728144e-05,4.5943830070344075e-05,4.327497481797678e-05,3.704481331623081e-05,3.0425345546469697e-05,4.0087363876887366e-05,5.076449551141396e-05,6.626076078275013e-05,8.525160511889946e-05,0.00013010157878758145,0.00017568810684536043,0.0001891495938174952,0.00019592977795359354,0.00020876677875551644,0.0004395906561989935,0.0007300513153473037,0.0005513855602670808,0.0008776658022987398
2025-06-20 00:23:23,2025_IWOOS_id5,0.05329599012503926,0.029896806093045465,0.021916088710565093,0.022008216267329808,0.015921702697748442,0.01054898445432069,0.012259808921013672,0.010683613484271912,0.005663177472146731,0.0037096976885178136,0.0025866872760411633,0.002793951858424025,0.0020441191344894075,0.0012589282942936807,0.000579837039232168,0.0007482793530892135,0.000702011082121856,0.0008069150174093072,0.000630495944591711,0.00063753246889851,0.0005247910372950383,0.00023187465402080596,0.00024949328839516614,0.0003330891950303489,0.0002199442031635742,0.00018031343366504922,0.00016435719042503572,8.622148924484762e-05,5.0864909112005016e-05,4.4356550762438714e-05,5.8390623433114515e-05,5.039001196567831e-05,4.909621204549241e-05,4.56276592519957e-05,5.0428077841253346e-05,4.621409746074635e-05,3.590987362485244e-05,2.8629453812088297e-05,3.300322512251332e-05,3.874363072061185e-05,6.150131748125489e-05,0.00010508098575770015,7.711121941829931e-05,0.00012316772130422594,0.0001716090395750517,0.00017160214230450846,0.0002169997557283765,0.0003129914838251743,0.000295095476114158,0.0002837241161332123,0.0003109698062937961,0.0004973974253569962,0.0007151934649911516,0.0009191554565095244,0.0016738188931949038
2025-06-20 02:23:29,2025_IWOOS_id5,0.056685256635670485,0.0258212137243821,0.014165602306461512,0.011687665190795185,0.013728274164445052,0.006501020710068758,0.002623209120449319,0.002647749035425176,0.004116358080468469,0.002531817876017865,0.002143126252903916,0.0020575435046426248,0.001289711339627771,0.0017883919071743598,0.0007952177686149051,0.0004111320887282507,0.0003330486095676898,0.0003698621658504555,0.0002936251809173764,0.0004294730943475257,0.00032864587128969433,0.0001550523029980644,0.0001676010945288806,0.00018541804317392035,0.0001489020847178759,0.00020064009511717385,0.0001671465896157592,6.265176438959462e-05,7.181979605611549e-05,6.515795139877229e-05,7.243608712857376e-05,4.870758433267297e-05,3.6857245341289015e-05,4.5225599687917076e-05,3.578709234494508e-05,3.596013834855971e-05,3.3000486615029876e-05,2.9740178694656623e-05,4.4127257354046114e-05,5.0339241048876796e-05,5.6731304663339746e-05,5.34515341186372e-05,4.807584915525007e-05,0.00010316118245269234,0.0001263764461657568,0.00011110542895134271,0.00015276697507354077,0.00017913645236500677,0.0002930219454985952,0.00029996897137725545,0.0003912846231376213,0.0006513253395128519,0.0008459106224216532,0.0006534052566244528,0.0005631506171411064
2025-06-20 04:23:33,2025_IWOOS_id5,0.006857038017958457,0.0035797719959689053,0.0024367721956548047,0.002557456578049999,0.0017699725366321242,0.0013064705042021272,0.001569509643878259,0.0010380212669024644,0.0007696109506758914,0.0005241855339669184,0.000350321028636323,0.0004867764285059069,0.0006563639409479553,0.0002470329439874627,0.0001678971539091551,0.00018353469028622784,0.00024148948383617274,0.00017969667350077937,0.00015656584881041483,0.00011589022996612243,6.762669313729804e-05,9.899019158022125e-05,0.00010587584857524203,6.683703601888647e-05,5.7719734787219935e-05,6.226391510642207e-05,4.400318583020641e-05,3.340962743964974e-05,4.320234694894148e-05,4.413812960136453e-05,3.928567432450355e-05,4.6107705184565714e-05,2.6042868073642667e-05,1.5274220084826292e-05,2.104780437606614e-05,2.9249655658912607e-05,2.8917530221971046e-05,1.9920230213642517e-05,1.1945910639978673e-05,1.0343191334402612e-05,1.8870373786501622e-05,1.8005285633778746e-05,1.3416327386554627e-05,2.0824568477308656e-05,2.66308476502906e-05,3.601242089280254e-05,3.4415483647376876e-05,3.782050108879558e-05,6.473105426523506e-05,6.738623792307724e-05,7.593721295256018e-05,0.00010258754441338256,0.00017477549940452653,0.00026599915574330286,0.00021070007613636547
2025-06-20 06:23:30,2025_IWOOS_id5,,,,,,,0.0012626925204310005,0.001964920788681364,0.0014907031257015337,0.0008331442083622908,0.0018327368703501283,0.0014165484271924417,0.0006617107808935459,0.0003793081043365085,0.00024303901369462574,0.00016032374376841947,0.00011145395083017447,0.00016240251201693785,0.00011940024779380814,0.00011114534558227643,0.00011584530695168694,8.277211395543535e-05,7.120667388062447e-05,7.543911131595363e-05,7.889667969825372e-05,9.709663553111971e-05,6.852701562545e-05,3.3634315897443244e-05,2.740133883397549e-05,2.694733687754569e-05,5.7334733030443627e-05,5.737003864623543e-05,3.9026031905754814e-05,3.0397361191632244e-05,2.0406702825154914e-05,1.6118972955540652e-05,1.3806931083065697e-05,1.7793575230892078e-05,1.4922901201746355e-05,1.5825256582698117e-05,1.9807648081474162e-05,2.274074306080456e-05,2.6741980979434857e-05,2.354390595648493e-05,1.526273954425551e-05,1.6840204191314883e-05,2.310061238246661e-05,3.742672322427848e-05,5.099048378945959e-05,4.1048481942137806e-05,3.5095936121010104e-05,3.21639321572554e-05,5.1032463371130605e-05,6.075973800462864e-05,5.113750142547524e-05
2025-06-20 08:23:35,2025_IWOOS_id5,0.2823709825732392,0.14712210139709522,0.0959290769263383,0.06084047661855664,0.03468132148308212,0.01308176010228207,0.007246991318210501,0.0037976115763741158,0.0019205921498839057,0.0009044016759148652,0.0004920903635569449,0.0003733774125890091,0.00033062726345755574,0.00039104964440972884,0.00048807010969411486,0.0004367544324954561,0.0005157191430212627,0.0004418991934286911,0.00030677341316598833,0.00030127111000073236,0.0002662093615947427,0.00019043620365014776,0.00015764523905482337,9.274400694706597e-05,5.7176218491675805e-05,5.513426958344324e-05,5.9848458921656346e-05,2.733771952677214e-05,3.990558489268427e-05,3.178083597971936e-05,2.3962819902072476e-05,2.8568894343493484e-05,2.1363247652809452e-05,1.9812355132388438e-05,3.059630546207594e-05,4.258474659097856e-05,3.1868823510112045e-05,3.6857339512845954e-05,3.4298202594817376e-05,2.2378939745292354e-05,1.712162250688151e-05,1.7748823081483043e-05,2.2838913993789108e-05,1.6812907738690405e-05,1.2111747860142864e-05,1.8928643620501925e-05,2.797997923670019e-05,2.441712619051264e-05,1.6743222740283214e-05,1.655497023314263e-05,2.852006079038693e-05,2.6905447563930935e-05,1.4926408094813536e-05,1.5180452615522954e-05,2.0448895300309158e-05
2025-06-20 10:22:56,2025_IWOOS_id5,,,0.06038183468663586,0.08862810816728194,0.059330470287187,0.01894756629266882,0.02605387550114865,0.032040117217788745,0.01835723337339223,0.01383085333446971,0.009338642773799413,0.007557985983788982,0.0061449772829038855,0.0047324813864799455,0.004455046652957473,0.0046212338703796926,0.0038457355737773783,0.002499403379862933,0.0025595995679835093,0.0015075745343679312,0.001675086210806826,0.00152161516044502,0.0014589492909693048,0.0015298811348229645,0.0007498077696511153,0.000600704922045979,0.0006673843491908542,0.0003695911363266628,0.00031814240019500435,0.00026243269724887,0.0002242611779211604,0.0003019766278208111,0.0003292958911795772,0.00020820589875929742,0.0001766682490176953,0.00018042929616672669,0.00022880780229198462,0.00024183386010813402,0.000166094283668402,0.00012131711391621773,0.00018827738149452473,0.0003113922489935721,0.0004402927903083227,0.00041233095306213353,0.0003251616926339374,0.0007294494499364767,0.000926759791476518,0.0008136283176428599,0.0013826468079140327,0.0014107309659368487,0.0019370440372186138,0.004183147123351698,0.0038330224476593186,0.0055740352490643,0.005325220960839833
2025-06-20 12:23:57,2025_IWOOS_id5,0.14548966667308455,0.12146478637024571,0.06886036065102549,0.05857676811836698,0.036613680416174306,0.018705737691171873,0.016472045811962578,0.01677475225244004,0.009053272892072032,0.005823673455313075,0.006398794662645355,0.0061503278970585235,0.005349420471107194,0.0034567534768300693,0.0026445386989178894,0.003289285958081589,0.0024917173659633994,0.0012439263218315627,0.0012462181879682303,0.0010993110769998396,0.0009439729382762718,0.0010228822660563576,0.0007984323173824996,0.0005523394034340014,0.0005335909217770563,0.00040330404505905994,0.0002930379444873732,0.00033205155666258764,0.00036053367311795174,0.00035363113589780394,0.0001495145544060299,0.00018224745471529004,0.00017554501055057337,0.0001835416495402436,0.00024077796624626414,0.0002267779081446879,0.00027005497679093897,0.00029403725117044466,0.000375851994000189,0.00040156362663926036,0.0004623323183754242,0.0008095507351193069,0.0009440896606652474,0.0009446798953532152,0.0011890295631926532,0.0018191884429121258,0.0018601088060115312,0.001909344115136378,0.0026196169011099813,0.005485421057739451,0.006284823203509026,0.00866884444736274,0.010375746356457306,0.01179502287042329,0.010279949387569013
2025-06-20 14:23:30,2025_IWOOS_id5,0.4498971603218943,0.24517477643089405,0.11540257276401233,0.08692701120525333,0.06762920977446144,0.04324712902721127,0.027799219289922694,0.013167582601299117,0.011732290199452529,0.013828806157435276,0.011912928477149719,0.008997470722227506,0.006780204335082384,0.009725902985033856,0.007867803545682858,0.003731346817675164,0.002312385259811381,0.0018354482819791205,0.002921311588813488,0.002007527530692756,0.001402540220046911,0.0011898304817857311,0.0009169480432569552,0.0007114494104089768,0.0005678490719110779,0.0006065304346939193,0.0004514496420393939,0.000276095956268239,0.00027110395761838186,0.0004989505758286732,0.00046539856722547493,0.00023942849260829497,0.00023974307065790962,0.0004198750390991385,0.00040810741453679573,0.0003270657640984836,0.00021339384434940125,0.0002350614383497282,0.000304108525575133,0.0005028810246948205,0.0007463667917014258,0.0005722895439321136,0.0005036724695695467,0.000698220410151913,0.0018009623343989594,0.0020577225623152153,0.0016692885751983914,0.0020456607129546896,0.004327007883940192,0.0045529106685821595,0.004166472224551347,0.005834961042083635,0.012152331901359554,0.01654872897116124,0.0166388523343661
2025-06-20 16:23:22,2025_IWOOS_id5,0.2278708863782079,0.14804986041748822,0.09913079990914571,0.0856770025564168,0.056085254325107005,0.021354171426655827,0.014190733433256915,0.01059166581936236,0.016912408749851688,0.01720129255939394,0.017021975425067587,0.012650981925018972,0.006214845420687908,0.004931674410195794,0.004093632216388828,0.0021507034453198894,0.0026716932188126405,0.0021031970371915127,0.0012422014008111383,0.0014215054943779765,0.0013177025914205935,0.0011026583410976658,0.0008514838244470354,0.0007869681771379375,0.0007776890863676327,0.000675624576347168,0.0005499015032473739,0.00034969025532370076,0.0003004410394650584,0.0003398808003364152,0.00022870530196171578,0.00025597760190011407,0.00028515489037249446,0.0003026305250033771,0.00023995016075121372,0.00017095089867275333,0.00017637798478105444,0.00022224433378170277,0.0004247609722530704,0.0005157299078063,0.0006028883129656753,0.0005211355086695587,0.0008509658808418864,0.0013317592350398277,0.001713901254274019,0.0016298184739502756,0.0016279995982403648,0.0015039330699200327,0.0022362121860794682,0.0029613993135311776,0.003329303586838709,0.0036184722260001866,0.005482040744453278,0.0127226531778585,0.02002900254572433
2025-06-20 18:22:55,2025_IWOOS_id5,0.5230928845324564,0.2981344118443438,0.08474190579068913,0.06872046735531245,0.08336757274416427,0.04673508215015252,0.04094240498725233,0.029511140200499785,0.020141661374214526,0.014252264929446248,0.007448302100949682,0.006112302813210231,0.0052256229564659135,0.005989570363330877,0.006487416654184467,0.006093332092644542,0.005194034228185623,0.0027230212936551748,0.0020839806834504968,0.0012556491202689608,0.0011041087003436471,0.0013312588769512613,0.0012584985273880243,0.0013659342604594536,0.0009846554049753283,0.0006335229716401531,0.0007380343379549293,0.0005942064722871264,0.000271617258656111,0.0005328966141304461,0.00032493675768029595,0.0002252201129867576,0.000333176475305155,0.00021753883716885705,0.0002470968581750656,0.00044931513697613783,0.00041202255062375737,0.0002925857511120884,0.00033278108210548684,0.00042620328265338626,0.000368407713742428,0.0004919035338631281,0.0006664262507121407,0.0010468359903668858,0.0011446211732237359,0.0016509624565968,0.0021131640413405263,0.002793299816012038,0.0020535894658262133,0.0021777447744657772,0.004067624960461748,0.007832690236681513,0.008565526662939284,0.0062638454962068,0.006164838253448915
2025-06-20 20:23:58,2025_IWOOS_id5,0.2097519806127446,0.12360922857486979,0.08977379485778172,0.04490690209928078,0.04443313422856333,0.03989885553749443,0.028241910989616346,0.020810269499858553,0.02432096905265774,0.021351998026447053,0.014069389358025456,0.006515236422800429,0.005783824538290708,0.006701374576962154,0.005418338284424855,0.0052035376049775015,0.006402628415568726,0.003110680054556483,0.0017677035403158787,0.0021383963233300943,0.0018758301910701254,0.0012615262833978484,0.0014589171133802925,0.0010059344773345525,0.0009658700015659791,0.0009650688784840103,0.0008072439417134358,0.000863499920187197,0.0004682764836540596,0.0002983817125086859,0.0004523815974849721,0.00047641056846564405,0.0005336730843880328,0.00038267520411309857,0.0004290479359347879,0.0003605726478417957,0.0005446015496627908,0.0005383369389246841,0.0004525879629981975,0.00043155830972068775,0.000457430686031294,0.000626286758112674,0.0009306198059865533,0.0011884826512789171,0.0014616017738380402,0.0017555893439047227,0.0024481510853505166,0.0034619061167077917,0.00654658893918166,0.0072000275676265,0.008074433428584707,0.007951621440036185,0.010843086289913173,0.012233209610303289,0.017001247907967983
2025-06-20 22:22:53,2025_IWOOS_id5,0.21758062016190202,0.11441758054711579,0.07486211749541753,0.0569831267778296,0.0539135668591432,0.03173231018999872,0.024396410390108463,0.01223743266315451,0.008257964497919622,0.007283246414595503,0.008410434713134554,0.008053340219583791,0.008824840000857342,0.0064363161993011425,0.0034199572203557583,0.0016437440416681617,0.0023542219189956097,0.002281498597554888,0.002535271479206516,0.002618263532672592,0.0017537794623532336,0.0008382965691406316,0.0007352515221677813,0.0008668181469734444,0.0006041266934288442,0.0005721361062027645,0.00039904771831914194,0.0002291930689907676,0.0003765702629448563,0.00037949522486094934,0.00020337765276082822,0.0001629047036119128,0.00015136781669551324,0.00023024309971084186,0.00023145516664633617,0.0002696063301568962,0.00031292493686206136,0.00046451234592122557,0.0006552224041332092,0.0008309367857697508,0.0010758523077489207,0.0008349275410391405,0.0008227142350784119,0.0018932050862402578,0.0028371249901590805,0.002510748764005858,0.0022945056421815,0.003240209853556613,0.0031853793382055533,0.004612647869330447,0.00665251519093823,0.006730300309527689,0.00945457513372374,0.012761969088020495,0.022061251492470565
2025-06-21 00:22:54,2025_IWOOS_id5,0.3483061825300214,0.2292225355517022,0.15274348883386424,0.08560363388012066,0.043309515526301114,0.027651259228131202,0.028022989892800693,0.026658981085021575,0.025771428943211695,0.01431304075763658,0.008097407805114571,0.006508033116845202,0.007797691036393072,0.005101393865349762,0.0033463928431929336,0.0046340549836679495,0.005027241560197333,0.0033644397654612446,0.0033927207721805236,0.0021488848660019726,0.0016303296281054674,0.0011820041919069256,0.0012864283859098193,0.0006664745271255394,0.0006246454404471303,0.0006118622537247907,0.0005215900688085381,0.00037862985725143277,0.00046983689455257,0.00042565016194103916,0.00034739445389723284,0.0003330453188989575,0.0004649496133111599,0.0006872388989447812,0.0005703137592907512,0.0003822316309929464,0.0004260626085994145,0.00048073180769749236,0.000754749183622833,0.0009254945038405023,0.0010971038208403838,0.001247865120369267,0.001531947615952499,0.0025003904620586976,0.0023886962981822606,0.003106706521037398,0.004616671950003547,0.00384653233454652,0.008063643779437126,0.009930807102107583,0.007391997412935261,0.013253869084343214,0.02048520806915818,0.020232397029719178,0.02883597413469589
2025-06-21 02:27:45,2025_IWOOS_id5,0.15014743661676108,0.10189895608107953,0.05137939731650956,0.05513058132849267,0.05485069146845165,0.029060084851870185,0.0236129860950513,0.016711457465199336,0.015833482363032277,0.010876546939734931,0.00804649873261403,0.008150505143604353,0.004825885390018865,0.003747418519098141,0.004009482496122735,0.0030415405594037236,0.0019691055889795323,0.0011180152202465935,0.0006453328221350766,0.0009092757270338648,0.0013648868431280325,0.0010227879898018826,0.0006815859361900788,0.0009340972520013159,0.0007009581224242965,0.00037175732335828184,0.00041099997630194977,0.0002571247963194445,0.00024173006754757003,0.00028698817821570897,0.00021840226388283496,0.0001521604044666397,9.939171554843917e-05,0.00010386539044307518,0.00021095004146389615,0.0002507818261373957,0.0003028762045220625,0.0003297105889107217,0.00030716068134248846,0.00023821856129595598,0.00030137433846434355,0.0005031155105787153,0.0006231420453822604,0.00042234414742740785,0.00037186349624282315,0.0005072369095794223,0.0010238091989102905,0.001556790259921617,0.002435622474985125,0.002544945259582477,0.0025269937214939947,0.003655116704611413,0.003895966759497074,0.00449611754123817,0.00582349485475218
2025-06-21 04:22:52,2025_IWOOS_id5,0.15937863230004032,0.09648120232824632,0.06786761898459218,0.041842265707817475,0.029061542589041988,0.022895472752603084,0.016482273119328202,0.007910968696287844,0.008902112750958147,0.005189599500477183,0.00468542122042897,0.004701812978959372,0.003458809396238129,0.002826033345730652,0.0021214984657118505,0.0018555412267466024,0.0018873453442581247,0.002347257334301871,0.0018862423620197512,0.0014472859869896551,0.000921818531930543,0.0007987277356849504,0.0006808606651999973,0.0005888984405867237,0.00047312006068629545,0.00036967036507983876,0.000347162600962065,0.00019520717338532555,0.00010001574611849271,0.00019903419198690826,0.0002455126402005897,0.0002948428555555773,0.00027909322963647163,0.00025808101331436644,0.0002622202953574232,0.00023483373682562947,0.0001447784794130822,0.00010865118858186352,0.00017587985685117206,9.87291538671181e-05,0.0003057983116695906,0.00051687343531899,0.0003782651952762805,0.000522079555397578,0.0003877219878369348,0.0002948359601984438,0.00032233907616152044,0.0005705254397268064,0.0006917609244753295,0.0009853043514973943,0.0012368099079769679,0.0014659788491804813,0.0014908601647546026,0.002629170951049591,0.0025867546944125545
2025-06-21 06:24:04,2025_IWOOS_id5,,,,,,,,,0.003228613761800682,0.003983710651289425,0.005606569667806548,0.003088012817855116,0.0024269033979744566,0.002337798286013015,0.0012662083067759937,0.0008999379024779765,0.001753791148968777,0.0023056805480566886,0.0011619649242877834,0.0006724661009478224,0.0005443281965183145,0.0003634730986268586,0.00022547335928352902,0.0002497733017544393,0.0001971424091977575,0.00014846290759030914,0.00022672131543877386,0.00021144522301968423,0.0002374569010029279,0.0001499064997863887,0.00013276255534606414,0.0001269801571378611,0.00011102576234859162,0.00015982318792727004,0.00019172213360530604,0.0002184587065430941,0.00017609345512169404,0.00017721438900131694,0.00013055489214578827,0.00011981447568345397,0.00011036919500428953,8.843733229665671e-05,0.00010425694533527581,6.988492932563676e-05,8.522487052962456e-05,0.00011892018784188267,0.00012520722183177572,0.00012064113369928748,9.864176729279891e-05,0.00019702865196240222,0.0002238934273388729,0.00014259535242053207,0.00015948995793345916,0.0003191544084914008,0.0004773321256001564
2025-06-21 08:23:31,2025_IWOOS_id5,0.025433127717692763,0.020572354112168956,0.013437746370556768,0.00812318924083488,0.006871934955662295,0.004429813706641472,0.003271855882763255,0.0027837322729556252,0.0015187071747784291,0.0015862682585019896,0.0008221827462001261,0.0007902141227981564,0.0006099247843364791,0.0002792804087105143,0.0003593513705757085,0.0007007105592801556,0.0007566592518354224,0.00045459813772204006,0.0006465984090132129,0.00033710677223573705,0.00011121322503660724,0.0001336428005766241,0.0001751573372507523,0.00010594075252816311,8.926024813707444e-05,0.00010451723910897514,0.00012266449474604017,8.409413245890799e-05,5.749049526778714e-05,6.7860303868356e-05,5.226816056692639e-05,3.7312110639974014e-05,2.3520415978818565e-05,2.056916241012535e-05,2.8639885437740192e-05,4.2779946999009414e-05,6.217306991082439e-05,4.3110058460831525e-05,3.807762816558362e-05,4.669147814777707e-05,6.07779706485753e-05,7.71917081135281e-05,8.207843085529001e-05,4.342456991001928e-05,5.995686586471241e-05,7.38905016536158e-05,4.4891500609375616e-05,4.436543024338194e-05,3.058854182122909e-05,5.137095258038596e-05,4.743737325838062e-05,4.905099296273037e-05,9.770688343317726e-05,0.00010767330664866406,0.00013003342576806636
2025-06-21 10:22:56,2025_IWOOS_id5,0.03457744775689131,0.03598003110235975,0.04208090338069737,0.033288953651120466,0.015537394749809781,0.011271778212610202,0.00903856728196921,0.006130331191038876,0.0029630048392754417,0.002121589696147675,0.0012106138874821402,0.0015088291309333982,0.001550416736115496,0.0014152657469135377,0.001987342054569764,0.0010857987450364134,0.000994077420143495,0.0008315933936644846,0.0005949386078134577,0.0003266950677555598,0.0003215510803276703,0.00025975157663576454,0.0002102608196481832,0.000252786307014142,0.0002705379749379271,0.00020764315466591048,0.00021213425280929075,0.00012349839767566683,0.00016980175018037824,0.0001906175579638724,0.00010387493237360935,7.100191966888538e-05,6.601743493394658e-05,5.996683659247267e-05,7.236441029458094e-05,9.144578531414304e-05,5.9632073432001535e-05,6.442246424579257e-05,7.756592531973768e-05,4.710434124551359e-05,5.2181340611931896e-05,6.055166390865216e-05,6.823536480848427e-05,5.223298348878044e-05,5.019217800684301e-05,5.825998414826998e-05,7.049347350878752e-05,5.4222140056295666e-05,5.622243094756064e-05,6.810498020398947e-05,7.913667814726235e-05,6.999093321171705e-05,6.542616051258352e-05,8.829280627948254e-05,0.00010124188936156616
2025-06-21 12:23:16,2025_IWOOS_id5,0.10080618008693641,0.05029784862558414,0.034098369615076424,0.017621578577647158,0.013336581929079397,0.011999573260285702,0.007979213754095766,0.007166506989939651,0.004741647648332403,0.00432357033278589,0.003954936953391229,0.0018016235266548528,0.001726559523311485,0.0017280742245429053,0.0012319840128019075,0.001259924348513461,0.0012063956754064145,0.0010821791669295522,0.0008190821662628556,0.0008696972809704102,0.0008055512087219348,0.0004277626624856153,0.0004805937616714113,0.00035067101609092475,0.0002533900686020638,0.0001758001787192332,0.0001954519682475111,0.00018536936262856474,0.00010562890452148137,0.00018074304985723748,0.00015232381610052643,7.757406879445386e-05,0.00013418615303615095,0.00013839318695163806,9.4411500028948e-05,8.377307529004465e-05,0.00012883992661191142,0.00017990019958590928,0.00013349328838497908,9.315055634213627e-05,0.00011800140907410879,0.00014096838536727953,0.00012349925524762512,0.00013579105822658177,0.0001222518802974364,0.00010175862956886836,0.00012089183504299018,0.00012920795575480272,0.00013894395826812743,0.0001601651494382573,0.00013231114647609596,0.00018559791053468074,0.00022535387591043307,0.0001430612392029252,0.0001634700017261794
2025-06-21 14:22:59,2025_IWOOS_id5,0.05349164020457575,0.02272117091977074,0.016570991931707413,0.014659331171645352,0.016270189215306263,0.010746358873242363,0.006516667003006019,0.005351286544611326,0.007952216242167982,0.006566617316627922,0.003894751053722475,0.0024903430273647024,0.0020488113716936483,0.0015836695331559003,0.001799093305694976,0.0018695599720595004,0.001568186975879174,0.0015556682989358787,0.0011961427758950356,0.0008608615375370224,0.0012189226247819747,0.0008244090892421525,0.0005598866714145028,0.0006267978383146501,0.0005578868143968911,0.0005081564544002297,0.0003377243767686437,0.00015820411831261405,0.000137946286010485,0.00015871061293147037,0.00017267863323795475,0.00010901268003968394,0.0001065736949568373,0.00019991422171446963,0.00024195753520500298,0.0002533049279243304,0.00025588334573940145,0.00036055261047329197,0.0006458815606566299,0.0006855601356566488,0.0005150047099370896,0.0003676054392063792,0.00018363791605630652,0.0002949533611200203,0.00039057995076123537,0.00024861267206986373,0.00023256203533870517,0.0001974112975150098,0.00021570622089501262,0.0002713808896225801,0.000455573284985343,0.0005801133162573817,0.0010663787090962821,0.0011293642515498596,0.0010582885199577371
2025-06-21 16:23:31,2025_IWOOS_id5,0.15463787748193267,0.09556624790071161,0.05136626728305339,0.0396942539503987,0.029941445705924587,0.018110582763818814,0.015454385342662342,0.008527246289632319,0.006742899610435871,0.006239658164834601,0.008529847667977285,0.006990935292374133,0.006838490116990143,0.0038983327848745876,0.0021920524242813474,0.0016635026162107878,0.0018187911839816309,0.0018959882032627017,0.0009944977413414613,0.000900736487085945,0.001048602275515806,0.0007412713899823507,0.00045407501822297626,0.0005007278344493396,0.0005150654041439476,0.00043569505175124093,0.0005692902688558021,0.0003703765345859163,0.0002722935921447463,0.00042965035506082,0.0005434229892215664,0.00023860424966710704,0.00019623368972516525,0.00020715947259937568,0.0002592572046729781,0.00026213883883110666,0.00037398332111770566,0.0005555598967259664,0.0003929334531807411,0.0003992275705702106,0.0005684159123218189,0.0005353789293092271,0.00044312312729550077,0.0006536419330748164,0.0007819275770317814,0.0008600978928958274,0.0007552971688791095,0.0009831101779530576,0.0014576327159109015,0.0016226691462676687,0.002089945367075883,0.0027710767599899385,0.002883389436886909,0.002610814083341457,0.0035750340419379843
2025-06-21 18:23:18,2025_IWOOS_id5,0.20608769249920586,0.15344525438114184,0.049808399241617084,0.040663062747111144,0.04685461997119332,0.027518526428811436,0.01688066604853046,0.011996719683995148,0.012066136218403375,0.012132737514876,0.010647483898905038,0.0037664986120783577,0.0035023209211090226,0.00405341790703264,0.0026240221165271522,0.0026368408744607543,0.0017372231043863672,0.0011580671208584914,0.001210206544939157,0.001066960830099126,0.000605028106693446,0.00045327714389572534,0.00045924969163595387,0.000603699662036793,0.00036937813223592936,0.00032495954168595774,0.00044968238253394774,0.0002902027797730654,0.0002877753193298486,0.0002896241913650606,0.00019044591319452065,0.000236889815544319,0.00021461048113887086,0.00017576703507424466,0.00024959559469919855,0.0003705499536679005,0.00030658438749320066,0.00019058091665294185,0.00030200378796005497,0.00033103610109908895,0.0004910642529271276,0.0007004801183498201,0.0007648473652927384,0.0006377334339296986,0.0010036324097373597,0.0010766490559122842,0.0013373555196374185,0.00198175615571259,0.002294265561662549,0.005029184260390251,0.003666180022470766,0.004620007751349253,0.004676556579622222,0.0037882958705209076,0.005223985953281162
2025-06-21 20:23:28,2025_IWOOS_id5,,,,0.05067569779022128,0.056878916543492114,0.035667295063586,0.030726244330086465,0.018681389793517824,0.009418347775335272,0.008808061432326231,0.007790948577928143,0.005249127588590995,0.003831882059589095,0.0037114650808066298,0.004635665196791577,0.0028582329546313835,0.0008579982447154185,0.0015790111843839588,0.0012538891843960165,0.0011739415461575968,0.0007972078274721881,0.0007399222335508781,0.0009179503524588975,0.0005565309358777452,0.0005003895699774569,0.0004824247685674552,0.0004861016098450169,0.0004401683151815481,0.0003355685872084043,0.00027608701271298756,0.00039200979279045863,0.00036426604304629404,0.00020302759717493786,0.00031615561305141506,0.0003315824491696619,0.0002929827168380517,0.0004062600957443093,0.00035577673622792496,0.000250090232305896,0.0004148448817987598,0.00032967819707061533,0.00048577841796387664,0.0005309641278090555,0.0007431275314484616,0.0008747544189162515,0.0015608694506941538,0.001640652718169541,0.002033549017114526,0.0024111505727208997,0.0030728041217120746,0.003516125189399059,0.002865525311142659,0.004127873578564314,0.00600750473398464,0.008134833557818641
2025-06-21 22:22:37,2025_IWOOS_id5,0.10571565740538594,0.0709647738915736,0.03336872197592561,0.020507992524762497,0.018915985418098167,0.011557049027808916,0.009544737874367616,0.0068697542766100765,0.007439895717020166,0.007796190030377914,0.005082813392612727,0.004167843190240032,0.004652845361981673,0.003402330913147524,0.002223687906493993,0.0012763753209200977,0.0018920135897443873,0.0018065390364231542,0.0011726053592047475,0.0006019296368650476,0.0006012514587462056,0.0003797203144207596,0.0006197521018843099,0.0005135311365188721,0.0003585852118256404,0.00032022506672970584,0.00025486774145182467,0.00021549926146060956,0.00025972604484333965,0.00025225941299137863,0.00016609195524590125,0.00014104081651464015,0.0002123290384227739,0.00021144087913438884,0.00016871753201898025,0.0001329630159710197,0.0001234889324550318,0.000207674291410569,0.0004689906586674937,0.0004015543937263097,0.0002666138442843269,0.00023878398290350604,0.0004226180201655007,0.0003187292819391283,0.0002544454348720656,0.0004471711245536703,0.0006545140853555277,0.0005551531771327638,0.0007465907380937559,0.0019318511885972817,0.0021774091989216365,0.0017224993972999674,0.002193018564668339,0.003500465094151469,0.003678586006553655
2025-06-22 00:23:50,2025_IWOOS_id5,,,,0.010117377253764813,0.014121521436655411,0.015536641315352017,0.008673651048436886,0.00816430433731766,0.004614831820319608,0.003950511933712358,0.003993363025960612,0.0030188371422489304,0.003612516055159051,0.0017772661119671229,0.0008949784842950638,0.0009852678430265153,0.001823548396423371,0.0013630399975400763,0.0009119361365258063,0.0005291771565174392,0.0004460802098273411,0.00039151897093638716,0.00034339269649360827,0.0002900313280924017,0.0005183692826570779,0.00033588965780807274,0.0001430556357842985,0.0002430339449416181,0.0002499129779221699,0.00021292736447016546,0.0001905083786008371,0.00013594931574942575,8.51784056026407e-05,0.00010087031230406493,0.00016934773550234778,0.0001987275095900738,0.00023002823996769056,0.00024117926687172172,0.00017230676523892656,0.00021384233657727227,0.00032358048067998487,0.00041581483126206436,0.000505787682968821,0.00044107511669744964,0.0008394873373439646,0.0013916206647151355,0.001236621760706724,0.000920933620201756,0.0014542188889676783,0.0008947472249951758,0.0015060061099707,0.0035086123164683927,0.004687762556412012,0.00541834052832703,0.00671049221494451
2025-06-22 02:23:06,2025_IWOOS_id5,0.09771424060328875,0.05369923674753965,0.03742581759326942,0.03811824304784245,0.019521044249230117,0.012837261970136193,0.009876654780978572,0.0077757995255469305,0.00656064217841091,0.00655082115155595,0.0061072229479047216,0.006352811490222324,0.0034021385632788913,0.0022806357595898555,0.0019091291501191073,0.0011726149291147372,0.001322097126780242,0.0012950078494575262,0.0008248537773834655,0.0005727736677647572,0.0006333412967768818,0.0006291293798842514,0.0006274449640209411,0.0005003580675881174,0.00022409285842883556,0.0002511495833922927,0.0003103764671890707,0.00017535191080484677,0.00011694862829459324,0.00015898751650096198,0.00019718226514373855,0.0001894285097320336,0.0002579041029511933,0.00010433577115645668,0.0001398407197352867,0.0001874945744662814,0.00016770102147983234,0.0001759213559805267,0.00022121615099524408,0.0003027018732067752,0.00040087854030486847,0.0007026928694392334,0.0006311580762378645,0.0006714855515705692,0.0010482664254951321,0.0010919646295127206,0.0009657357971767243,0.0011979215814146187,0.001637469224127447,0.0016758365658599297,0.0023863913118419436,0.005043182287136662,0.005195526155787594,0.005011772274670815,0.0056524041257860575
2025-06-22 04:25:20,2025_IWOOS_id5,0.11026792523426567,0.08986750392691448,0.07758307162870529,0.059952910051238754,0.03139618428097197,0.016193355019166997,0.013629655646752304,0.009101743563115798,0.007224315276678005,0.008345106586606841,0.00605747828931813,0.004078734604569024,0.0016094661341131756,0.00208832249780473,0.0028455687272890486,0.001605033864693199,0.0018344388797208332,0.0018050221204345851,0.0011298132929016891,0.0009976720902829352,0.0007389829719601214,0.0007497768842765845,0.0005744786479919199,0.0004186651845245097,0.00036768834896887335,0.0003940669527959556,0.00024400721284577727,0.0001986651076446432,0.0002930617944056256,0.00023839047195337091,0.00015104342561755564,0.0001680247947017971,0.00011878206028817364,8.22447316960349e-05,0.00013560602526493424,0.00020326479040503782,0.00017474840722839818,0.00010002578576301895,0.00011356614002345716,0.00013461813606368558,0.0001896975144986481,0.0002704096459890686,0.0003214007702693033,0.0005189707841792456,0.00036875069973687363,0.00040469541721150677,0.0004964240909067243,0.0007590635165234531,0.0008990826277763218,0.0012059791556293647,0.0013693174480102618,0.001401426566923778,0.0012027829195618036,0.0021165248240546464,0.004061468231902958
2025-06-22 06:23:31,2025_IWOOS_id5,,0.02587878086610777,0.03504948043937723,0.01678214350345258,0.013163531774543526,0.010690967343260803,0.004792003355928664,0.0031850865827906154,0.0033417010096089775,0.00224645350149619,0.001646903158882633,0.0010451612295185732,0.001077848577144361,0.0011424260513265168,0.0008174564271793286,0.0008962544912482607,0.0007521863442457504,0.0007660258065746012,0.000597752396692872,0.0007548819235205658,0.0005440496484865342,0.0004503407280033081,0.00025152732142060365,0.0002015948665764864,0.00019165337823391794,0.00017206411448474496,0.00013517674436370713,0.00013707292744772319,0.0001068210775302911,0.00010391981523813597,0.00010791762082052754,7.486795339091012e-05,6.907693185945898e-05,8.023311037731898e-05,5.649174045242014e-05,7.360101829571961e-05,5.880155142792724e-05,6.904192797122707e-05,0.00014437972321955126,0.00013310710266063277,7.956793209902244e-05,9.656700937523723e-05,8.829910075137543e-05,0.00012587240703070874,0.0001454804697947739,0.00018652063027018662,0.0002320705931467382,0.0002549402942854195,0.0003296930048121324,0.00032652865044732645,0.0004648440364259377,0.0008507496097520123,0.0007054605145315804,0.0005543005451458487,0.001214803674476062
2025-06-22 08:23:25,2025_IWOOS_id5,0.0681654531606325,0.04708956090784406,0.033367950998033705,0.01394417566681678,0.006859914801627084,0.004492136891200855,0.0032677632172041847,0.00389223028378446,0.0019807056054281175,0.0013028773188199568,0.001811762881584109,0.0026823813122726853,0.00228127081419884,0.0013662399560520587,0.000843002873493048,0.0006455636882785547,0.0005942606714386139,0.0006244807917410391,0.0003103271189964181,0.00018335591255825,0.00028710716757650957,0.00028570263331675,0.00026328386333115934,0.00023032790163938425,0.00025628622895987145,0.00015722308674406298,9.223004839882079e-05,7.99724752463592e-05,0.0001200503355044195,8.256629978709438e-05,8.019347577560339e-05,7.657344466177669e-05,5.3346234960646826e-05,4.359324975408703e-05,5.205786768837037e-05,5.526675730444811e-05,4.6685174214825886e-05,5.4191089387158486e-05,5.00795189205981e-05,6.494063292802127e-05,6.903474281092782e-05,8.655422345426208e-05,7.296749273319093e-05,0.00010069975955098646,0.00013127559037449572,0.00018853284076939162,0.00020402516677044073,0.00019682759414270515,0.0001727365639920044,0.0001847414214271501,0.00032279991548728204,0.0004383832412105982,0.00045039355778042265,0.0004357947063532773,0.0004208389468509283
2025-06-22 10:28:38,2025_IWOOS_id5,0.013200010141611188,0.006950365864235339,0.0049590986086891775,0.0028318173788400808,0.002717007023644926,0.0022878923019819327,0.0023340247552310293,0.0012406663260040318,0.0008910604839915258,0.0006768681478250822,0.0005861657315390258,0.00048760391984394616,0.00031963836054113196,0.0007332695311180584,0.0005468971898674615,0.0004827272456761462,0.0006791729533285064,0.0006608712232671196,0.0005683417793121269,0.0007187827811623715,0.0006458352108365019,0.0002314499812313831,9.500631713857589e-05,4.795386072764537e-05,5.89263642345159e-05,5.7333422727594054e-05,8.219472232208533e-05,0.0001199746989921588,0.00010067716599579527,5.238547755550914e-05,4.222759229193346e-05,3.544114330097548e-05,2.9925444540875287e-05,1.8907396935539417e-05,2.3616694012166365e-05,3.123259814536444e-05,3.336390505692691e-05,3.6293625316451586e-05,3.748897415903321e-05,1.9151430857722137e-05,1.967640795770261e-05,1.5703210932456376e-05,1.8623531552667043e-05,4.085425259720238e-05,5.5560486328408544e-05,5.665263320651697e-05,4.1471398891216224e-05,7.002699849446286e-05,6.434098928608497e-05,4.752957714140909e-05,5.5657026712879365e-05,8.972773931819574e-05,0.00014818449255790987,0.0001175416393986181,0.0001561168100747171
2025-06-22 12:23:00,2025_IWOOS_id5,,,,,,,,,,,0.0001984050585627524,0.00022749818673292995,0.00022459598548301663,0.0002786201646795456,0.000319351215728727,0.0005924431946170054,0.0007743850002027506,0.0007465449890556135,0.0008502514247902545,0.0008580722298286023,0.0009739171989167997,0.0004967963808706845,0.00036043476111054907,0.00025113398888196596,0.00015791121963984133,0.00015892221694073947,0.000123456540875437,0.00010746048769175264,0.00011050373878101398,0.00011449223949828733,7.769346918686677e-05,6.883781339936072e-05,0.0001648817031691784,0.0001946659888543531,8.076975819985384e-05,0.00011915030600118068,0.00013357789984024812,9.183590087142816e-05,5.8646667554683685e-05,6.294236047535393e-05,4.64632965128052e-05,4.6310472263162417e-05,2.5492119905037626e-05,2.0325360261263946e-05,2.4497240544954475e-05,2.196482847374824e-05,2.1260861797085324e-05,7.976784026101803e-05,0.00012282897368771619,0.00013296418755255325,0.0003034591273669147,0.0008562609487199578,0.0011784846672941648,0.0009196047143153291,0.0005865406866520075
2025-06-22 14:22:59,2025_IWOOS_id5,,,0.004296944235130226,0.0051232605368280145,0.003689164559310785,0.0024619960318474445,0.001763117914663094,0.0009132186690634281,0.0005362678599310763,0.0005588614448167201,0.000507478672752176,0.0003685005664244743,0.00023443501679481683,0.00015124856304722097,0.0002261968221831339,0.0002765810755416307,0.00041585950059584324,0.0004697925665146013,0.0004469593033873147,0.0005123621676971874,0.00046841291772523606,0.0006879301623054972,0.0005823843886246391,0.0005859976059185241,0.000397343089830419,0.0002965290754615721,0.00020813116487185588,0.00023374632074487595,0.0001290659980624541,8.751758414458268e-05,0.00012200289562700025,7.762026922240711e-05,4.2894612022123424e-05,3.746439751080346e-05,5.185364972429624e-05,4.127253678136212e-05,1.6330929191442174e-05,1.9305777162135755e-05,2.4289536755402272e-05,2.6293651362239733e-05,2.4600687224751046e-05,2.3359426382107638e-05,1.4733539481453523e-05,1.3479902296568783e-05,1.6060007297175612e-05,1.0801768495321642e-05,1.1754321624597856e-05,1.1156111766625063e-05,1.0834192700865796e-05,1.655336981688937e-05,2.2163869557415132e-05,1.829019511812955e-05,2.0380833580157335e-05,2.8625966109730073e-05,3.132917353782417e-05
2025-06-22 16:23:24,2025_IWOOS_id5,,,,,,,0.0003432899018453252,0.000590649892947339,0.0004665896791895733,0.0003707756509961799,0.00028709631058212727,0.00033954822330771895,0.00025124913990157735,0.00014717283511702376,0.00024357648525442382,0.00021103949007522953,0.00015798451054908522,0.00024368785022544232,0.00023005723754724835,0.00014342937689868068,0.00011887132189036814,8.96262213848523e-05,9.794811991378737e-05,6.280552284536563e-05,6.724039417600859e-05,0.00013706227308701635,0.00012451134487090118,8.755838864226688e-05,0.00010294508716597668,7.500690053987937e-05,5.186182445140151e-05,2.336794136392862e-05,1.2959054107205969e-05,1.874028293382634e-05,3.0518489010424366e-05,2.527612665965372e-05,1.4874411852314866e-05,1.3235402499849144e-05,8.48132998878434e-06,8.473473951312126e-06,8.067303726973677e-06,4.930129635449395e-06,4.392778467087757e-06,5.88807837058836e-06,6.928482997256111e-06,1.083053509975256e-05,1.143813843345245e-05,7.912193855844319e-06,8.451444126969428e-06,4.763770847689466e-06,4.596876442824492e-06,7.709181586326888e-06,1.1556464476736528e-05,1.0108181694138188e-05,1.0712864981306877e-05
2025-06-22 18:22:58,2025_IWOOS_id5,0.006531368179615941,0.006913364738997887,0.0047353093555507035,0.002346155620428503,0.0009476351774123672,0.0007263184510949632,0.0008437847432968383,0.000862782777517673,0.0005287785339178389,0.0006064985516016079,0.000666956285752047,0.0003381762454456641,0.00022487740502843772,0.0002074529965873738,0.0003399376858197574,0.0002674101129436175,0.00022878367020410834,0.00020584338629133192,0.00027373628464103097,0.00030667624008253456,0.00017475900524229054,0.00012268274247038944,0.0001878898017166731,0.00032799406272982266,0.00022595317935379683,0.0001472013646614059,5.594202442456793e-05,3.418960529565902e-05,3.7748633726118875e-05,3.400513849584744e-05,3.10142851660425e-05,3.3560823577911974e-05,2.195758349668814e-05,2.099624625039262e-05,2.165057026836546e-05,2.5155204538877764e-05,1.860589612321276e-05,1.4052939876821284e-05,1.7141783646146354e-05,2.2092919978707694e-05,1.7309820842581795e-05,1.3220584957804472e-05,1.3633517072676476e-05,1.2710544515975639e-05,1.2850104212276345e-05,1.3405041483622731e-05,1.2442390933019005e-05,9.713570966698485e-06,9.226053997321777e-06,1.1253541920375006e-05,2.0028413820129705e-05,2.058886988968256e-05,2.4722643678144292e-05,3.316398676894267e-05,3.0610215832559466e-05
2025-06-22 20:23:05,2025_IWOOS_id5,,,,,,,,,,,,0.0001852764730032325,0.0002365441160617588,0.00038654446468854074,0.0004892129911682008,0.0003351846395872143,0.0004860520171545552,0.00044669738917140953,0.00034191541651976614,0.00033046042610173845,0.0002074697202376717,0.00020062756093655221,0.00013724201017432307,0.00015175286760366036,8.192879974142855e-05,5.0739906298102724e-05,5.1109562110303075e-05,6.151510369280494e-05,5.309749913980549e-05,5.638921283785811e-05,4.612972593126038e-05,6.121759430519832e-05,6.937661066217487e-05,7.413016429118189e-05,7.881966067555163e-05,6.534277077363524e-05,3.7587280958592225e-05,2.566380643099528e-05,4.7922477010443345e-05,3.496678869853828e-05,2.4244293543057226e-05,1.777872912047702e-05,1.6587344770937547e-05,1.0131941904642917e-05,1.0257657224981188e-05,9.93861200903309e-06,9.717829702817182e-06,1.3177575754994986e-05,1.416811234796012e-05,1.9153700500299068e-05,2.277538478294002e-05,1.6115071395279236e-05,1.829373917784873e-05,1.6536037040068755e-05,1.166097658071065e-05
2025-06-22 22:22:58,2025_IWOOS_id5,0.006492734176169128,0.004652361709334713,0.003372144530509855,0.001748906539783978,0.0014337085842764967,0.0012175024214976645,0.0006652740715527427,0.000716163871660402,0.0009177788212084185,0.0007253441182174641,0.0005472036412312043,0.0005753905932389657,0.0003455147663567821,0.00044295990223111137,0.00045492854650637835,0.0003723131279018539,0.00035751901373969096,0.00040732330604758513,0.00047554435814271004,0.0004392400009547722,0.00032810933414522834,0.00021260362499085072,0.0001565218584782484,0.0001985125177087352,0.00017827014712328349,0.0001251555130030519,7.262791058155014e-05,7.523471248514204e-05,5.249379798682295e-05,2.9205757624822622e-05,4.0379515127237145e-05,4.207225466050402e-05,2.8453036796257874e-05,3.743835541625544e-05,3.1271639663141404e-05,2.4838431399002504e-05,2.2618426964086143e-05,1.9436360132458094e-05,2.29229047267214e-05,3.58332167790949e-05,3.139142579790617e-05,2.5358948965734437e-05,2.2564863923003817e-05,3.474200840574859e-05,5.701336879427618e-05,5.415577481441873e-05,2.2466640753247927e-05,1.251062920927722e-05,1.0056891876393085e-05,1.116961019747528e-05,1.3335941910104328e-05,1.866994458598382e-05,1.2246229752997097e-05,1.3531404417735507e-05,1.8845605841817757e-05
2025-06-23 00:23:25,2025_IWOOS_id5,0.0255846187177151,0.019622401485613256,0.020291429972732745,0.01219528017727078,0.004869082080439682,0.0027605294826967526,0.002489602664410847,0.002099872599195891,0.0018263967270235144,0.0013488883927457265,0.0005736384968521435,0.0006337154960270185,0.0006944589962202637,0.0007584419291278784,0.0006304065638731885,0.000592782251220062,0.0007184477317549109,0.0006821685703691136,0.0007454631946725844,0.0008148405887855524,0.0006285794670480147,0.00035240008369161457,0.00018938752658232091,0.0002005005034611558,0.00016670227906767784,0.000177627852618725,0.0001673876927649964,8.720486021148553e-05,5.049560958861971e-05,5.400772154899813e-05,3.610790897390675e-05,8.052976145700128e-05,7.397036524824999e-05,4.8078844814770084e-05,4.7904764512344294e-05,3.572773626917284e-05,2.5431240190997928e-05,3.0566939799944245e-05,6.340261545620854e-05,6.537697998685452e-05,4.1350931750143914e-05,3.710148749284822e-05,3.582389416470422e-05,3.1312990847346366e-05,3.132334609263959e-05,1.908423475615655e-05,1.6413343833530726e-05,1.606411210756748e-05,2.010423137943015e-05,1.9813331822192907e-05,1.2639625714908305e-05,1.0827301127189891e-05,1.1355006769197875e-05,1.5594914340859973e-05,1.788621951951754e-05
2025-06-23 02:23:22,2025_IWOOS_id5,0.011627447606684506,0.004687520951634292,0.004451420482018292,0.002965282084123518,0.0018827710954267699,0.0015793534203619585,0.0013294958096226217,0.0011625581797480447,0.0009523407269854191,0.000756952381067652,0.0009219233835182501,0.00036010135402819515,0.0002688185883878028,0.00029662992148250285,0.00025761599334360826,0.0003002543599844185,0.0004389956728541031,0.0005187770685544065,0.000649380974727453,0.0006795197508930997,0.00028056513175459035,0.00021241068618477933,0.000228608940667914,0.0002817456674655413,0.00027239254137236853,0.00018168923231428176,0.00014823554373126344,0.00010124214693602099,5.9314017780847055e-05,6.61506043016019e-05,5.219724934256585e-05,3.548500039054916e-05,4.8224966155190666e-05,6.514555734567195e-05,6.53816769347231e-05,3.49628765642163e-05,4.379097773890424e-05,8.61214725566542e-05,7.489616653635598e-05,4.540691860078066e-05,7.709373705872155e-05,0.00010220171466875609,5.1006373090516685e-05,4.08049862204438e-05,4.0099298216590375e-05,3.9412107039402164e-05,2.9828275968168412e-05,3.996986911751798e-05,1.515955712397096e-05,1.9595132589394624e-05,2.2876474247412692e-05,3.927347169956042e-05,4.008101137744867e-05,2.1619633923014072e-05,1.5427187623759312e-05
2025-06-23 04:22:56,2025_IWOOS_id5,0.033026721345623455,0.024411454247259563,0.009490481042545542,0.00495802283601991,0.003761585806248506,0.0022137246166604187,0.002290680264364833,0.0019979984979757526,0.002000809410232231,0.0013118165576452734,0.000897528804306604,0.0011421717849052822,0.0012391865869417298,0.0008392295431751695,0.0006948632300433672,0.0005813742488506064,0.0006744600534651355,0.000521914476365724,0.00032208779147116056,0.0003073648898816147,0.00036918878249249496,0.0004561201483966363,0.0002498250722515969,0.0001634024320812471,0.0002083051281855278,0.00015130371979854,0.00015239528392053828,0.00015882235330184623,0.000130929851935667,0.00011754029647116549,6.114095401923839e-05,8.379010991502292e-05,8.742191074295002e-05,6.25991878474528e-05,4.536138453069285e-05,3.33664772737976e-05,3.451095729026376e-05,6.059897694205254e-05,7.391890368455128e-05,3.431442606665387e-05,3.5966450737135984e-05,4.530558343246021e-05,3.441222688186353e-05,3.5971491121162515e-05,3.571291921091206e-05,5.421915078543122e-05,6.724969891256018e-05,3.696241741425094e-05,2.5484717892768058e-05,6.337893614556871e-05,6.593483630506358e-05,4.2819473589151224e-05,5.003906546318162e-05,3.9852992709369233e-05,5.8183195220943254e-05
2025-06-23 06:23:00,2025_IWOOS_id5,0.014792005345575497,0.009656804773012872,0.007693578819038353,0.005195242315676309,0.002581762183030692,0.0026154733611784453,0.0024011350936170455,0.0017451867089362614,0.001322380591252419,0.001394028509908545,0.0011617577076137588,0.0010790602630832012,0.0008052357153491962,0.00041883285852843097,0.0005970476398041034,0.0006299910601993361,0.0004316094108794905,0.00028763512064978764,0.00021323592935658874,0.0001911943762971727,0.0001764990083983263,8.895854718222082e-05,0.00010259325955020721,0.00011519975815003267,0.00020648326635497552,0.00021924544553576916,0.00011412367094549889,5.293463230369088e-05,5.555930132903755e-05,8.032501879244702e-05,5.173932631215197e-05,3.4855424131261014e-05,3.453467439757512e-05,3.163939227804367e-05,2.4845927371073234e-05,3.2918844571193606e-05,2.2466865246070695e-05,1.9842125375230797e-05,2.7440096659985688e-05,2.7012984405826753e-05,2.070614986663086e-05,2.2379410672991978e-05,2.3124335584303714e-05,1.789212069763294e-05,1.4471582894230144e-05,1.771700417384926e-05,2.0949193347411424e-05,2.7332208490204043e-05,2.3513911882956562e-05,2.0342872937190194e-05,2.1263378059157727e-05,2.056255171129136e-05,1.0304861280732943e-05,7.719508284305257e-06,9.501964739079194e-06
2025-06-23 08:23:00,2025_IWOOS_id5,,0.00446725043407304,0.005875074865705822,0.0050741313596718695,0.003916993908458374,0.0036485209909179884,0.0016358900737034959,0.0010605588484282227,0.001267432084142524,0.0007413587736458493,0.0007847787742328643,0.0007576085531997079,0.000539040747110765,0.00039287377496674905,0.0003256743254665832,0.0002781667206754424,0.0003067119426965175,0.00022940632229887073,0.00019942984554215833,0.0002817607820041118,0.00018658707062759096,0.00031968755980507846,0.00035662179663312714,0.0001872579734678745,0.00017971045802836933,0.000261877215692689,0.00027355310916673446,0.0002415817549812235,0.0002445068345070239,0.0002291598219814833,0.00021047327213853794,0.00023415264352126666,0.00024180095696575235,0.0001987260263501302,0.00016335267977916275,0.0001946951835088175,0.0002386082722420578,0.000239367198659735,0.0002529243066661821,0.000261986946960704,0.00026376091149914193,0.00024824088257375057,0.00023067956424180298,0.00024878611463593196,0.0002688353153928932,0.0003396690092703246,0.0004304051870069106,0.0004924045595334237,0.0005794380896910865,0.0006010917863295005,0.0005732269937720446,0.0005974388436915841,0.0005500261037094939,0.0005273615851008432,0.0005281606379686117
2025-06-23 10:23:47,2025_IWOOS_id5,0.02830437657285294,0.014941057419307057,0.014782291862089689,0.007919450271354775,0.007060368075618811,0.005274788198773668,0.002881390696295747,0.0032754127511033016,0.0021226465972945855,0.0015672683443184062,0.0017502528736409487,0.0013391078556502665,0.0014252288607899352,0.0007953064357919671,0.00034981793897724,0.0003516580341226287,0.00044778289056690427,0.00026838129163103333,0.0003008660535666339,0.0003244655843691152,0.00026680550352188576,0.0002380066112107222,0.00017335031141645622,0.00017269840373911134,0.00013738249774151556,7.688328071790543e-05,9.469344649203267e-05,8.194471848918973e-05,6.0306335168507994e-05,3.9750960441648e-05,5.737816101507342e-05,5.801477954009259e-05,4.548826390416876e-05,3.871635624931566e-05,4.3986260968419396e-05,2.6430272124695867e-05,2.7641399629671157e-05,2.9928409755658917e-05,2.6467845720001076e-05,2.9711740399526513e-05,3.4838218051048836e-05,3.150074221907599e-05,2.7973327752950215e-05,1.9992604218592525e-05,2.460041040489387e-05,2.3850904419726892e-05,2.9374088646630798e-05,3.420542634477026e-05,3.843053065649025e-05,3.1322715847295614e-05,4.075334207246875e-05,7.71977531372103e-05,6.470824817731314e-05,3.501672957273094e-05,4.0052830745663804e-05
2025-06-23 12:22:58,2025_IWOOS_id5,0.06132497453886896,0.043943812456063776,0.033371017704455164,0.013355446739579405,0.010068544321825594,0.012950101029048618,0.011707916806506062,0.005450087370238874,0.0053764502612937875,0.0029987882575005817,0.001839620615972096,0.0018675932996015934,0.0010818588765727623,0.0006460709493618463,0.0008407087617868785,0.0007897223067427645,0.0004917811200606865,0.0002856749028036132,0.0004556088924010045,0.0004543675913543661,0.000372500415080334,0.00022813335863904188,0.00016938557096904129,0.00019241959293359422,0.0002302763620615802,0.0001852464627307612,9.022746368534185e-05,6.385750764754232e-05,5.885283121162086e-05,5.3383131448838705e-05,9.106055140821902e-05,0.00016911309594631844,0.00014141981926513858,0.00010524793801082164,7.36470030142599e-05,4.474444094259306e-05,2.7368717805560216e-05,3.712737150326128e-05,5.025321517343901e-05,2.9385598647629902e-05,2.9708765060814306e-05,3.669089201642261e-05,3.214837494516843e-05,5.0824362527574305e-05,5.37492959829188e-05,3.8290839204471385e-05,3.169517498449671e-05,2.4233788881482765e-05,3.382219153323697e-05,3.732716854453299e-05,2.841456702237258e-05,4.6968972707840444e-05,3.730104580885881e-05,3.83884601710885e-05,3.378098511692081e-05
2025-06-23 14:23:18,2025_IWOOS_id5,0.034845104356341486,0.01900078656688218,0.015183293432926145,0.009402231181453327,0.006394291762660819,0.004098496260672276,0.0034520249371812867,0.0029503979855557607,0.0030524393705668685,0.0017724140750716747,0.0010801641619250164,0.001035962807327131,0.0009394393674049537,0.0007808273773534208,0.0004968638322142393,0.0007726797984456103,0.0007307720354737037,0.000504963711730334,0.00038100149279445,0.00021304118945447587,0.00018737839965009907,0.00018821897501317115,0.000181722225767491,0.00012916659008186372,0.00011398744279372357,0.00010378334164137699,7.430140628124236e-05,9.37554055269946e-05,6.524014812399794e-05,6.20051489345595e-05,6.022223481244241e-05,7.000415053193304e-05,7.37635182903952e-05,6.406178113692174e-05,5.011757653434515e-05,2.4988002882925634e-05,2.54605530233246e-05,3.893683856430132e-05,4.5645650071239e-05,5.2316068685380834e-05,4.867213672179303e-05,3.52230720739177e-05,2.1989429823739913e-05,2.0725933527370815e-05,2.1903808588107393e-05,2.5157618831416577e-05,1.8738420061078643e-05,1.8546974374342504e-05,2.4870562043486144e-05,1.9339609241254745e-05,1.9752538942265002e-05,2.1602688440943702e-05,2.1643452957143987e-05,2.5308934248870996e-05,3.4724601441744425e-05
2025-06-23 16:22:57,2025_IWOOS_id5,0.07251329454563794,0.06056521223020633,0.061925604299671234,0.03239540951928446,0.017861920446432256,0.013847437693457743,0.014379351164638511,0.007862033775992722,0.004634561192980869,0.003890524221444705,0.004174833855919426,0.003563154042810561,0.0020822239570092776,0.0013825316049472273,0.0019716712832487963,0.0017649637176419372,0.0012489346099694941,0.0007316323346702476,0.0006083269414678986,0.0007057203944595641,0.0004596691965459977,0.00046435891356704314,0.0007557808476691439,0.000517947941167337,0.00039874283175232505,0.00030058793043951683,0.00026550267244682926,0.0003247251529807926,0.0002596960404808237,0.00015780953068740103,0.00012811612047439842,8.586636806907822e-05,6.606088882037489e-05,6.0052277526438984e-05,4.9121842115984705e-05,3.270747419001524e-05,5.133332095298635e-05,7.919901082264612e-05,6.812267699644367e-05,3.979855634838618e-05,3.0131527250764407e-05,3.686177130153169e-05,2.7394196217117555e-05,2.725225327058358e-05,3.5906934796651285e-05,4.0347984917939556e-05,5.764061758697808e-05,9.383228666644676e-05,0.00015082819746174914,0.0002268037563853119,0.00016899114704700804,0.00016999806203575084,0.00022764989542980944,0.00029233192267767017,0.00039642241027958066
2025-06-23 18:23:00,2025_IWOOS_id5,0.040505786923252705,0.02580053846581412,0.023461830809570216,0.015599723487694906,0.009440671183646264,0.004720324992450517,0.005075132198061173,0.004275326806073091,0.004215936135023202,0.002829086313166809,0.0020937950220609423,0.0018386652516852093,0.0018980410045594403,0.001527960924980631,0.0011135997862950849,0.0009392809540069295,0.000516045227464484,0.00043593354856593427,0.0005572108872028381,0.0005280232900551462,0.0003051038457294912,0.0003060287699061405,0.00021617472276427293,0.00013226894999572786,0.00015526812447991446,0.00011216710817951638,8.395675426002254e-05,9.514059301893456e-05,8.790761364047441e-05,8.025250257208723e-05,9.281297252884595e-05,7.403117777649084e-05,0.00011546468041076617,7.260228317469564e-05,4.019007422577888e-05,3.493532800798073e-05,4.5639583580300296e-05,6.276985664802549e-05,6.0994203327999436e-05,3.890680869439553e-05,5.48420508787796e-05,8.00807364201029e-05,8.42964388986404e-05,9.964616181071321e-05,0.00014962615114987209,0.0001577919921488037,0.00015895794887808124,0.0001383564675915898,0.0001566056748159821,0.00024884842108026617,0.00027738523211633115,0.00044621440755428346,0.0005616374328836889,0.0005845112649500001,0.0008886343784401776
2025-06-23 20:22:59,2025_IWOOS_id5,0.024865818998321215,0.017107767583551967,0.01816332284795482,0.016616982752421006,0.014781539682939241,0.012946869864938846,0.00699708375480202,0.003968287055107296,0.00309725699844852,0.00336122262622656,0.0023555225591475686,0.0015111573936580048,0.001296438331024509,0.001110177158508263,0.0010119137055258798,0.0007443543325033433,0.0006030764004937289,0.0005396650772723426,0.00044717326468413646,0.0003069494545822446,0.00016141640373018294,0.00020992954546722223,0.00023379715546104413,0.00015065280762923918,0.00019602695872798765,0.00013318205093328634,0.00011538336616387112,0.00010021240478974592,0.00011557513583229267,9.445248463997626e-05,0.0001520734535281815,9.067483291118378e-05,6.908641695711189e-05,8.213584159449052e-05,7.183197979190258e-05,5.052115882137239e-05,4.76919048525941e-05,5.030295749911689e-05,4.8913228336867064e-05,4.710692135692423e-05,3.972788310150194e-05,3.4657025943453674e-05,4.415184461985874e-05,0.00011529208469000048,0.00022367817138040674,0.00020671216952379895,0.00016287152897745844,0.00024399535597905347,0.00026342381567273827,0.0003441375782699199,0.0003971936869381116,0.0006082846971600952,0.000594104030339139,0.0006061079211962333,0.0014231898045395802
2025-06-23 22:23:30,2025_IWOOS_id5,0.07795334756185247,0.05568508106900762,0.02198753185181993,0.005794956321347995,0.006230336090182936,0.008210412856835813,0.0053868811620172655,0.005885801543566946,0.00458797298292402,0.002349850677202024,0.0019805481674157496,0.0015546344433283734,0.0018111707460785143,0.0010205012009627964,0.0008406517688763669,0.0008329771264421119,0.0006611603331304023,0.0003206177637845033,0.00042414324948782117,0.0005175411224553024,0.0002791950153822711,0.00031571105762550255,0.00036525101428143886,0.0002847528987512712,0.00023879122424115947,0.0002093001345254796,0.00025990357340950545,0.00025800725340900606,0.00025333126300072334,0.0002171172883406257,0.00020927660570982647,0.00026501705531211983,0.00015397594572854904,6.468466950280407e-05,5.4881114949806596e-05,5.60733561618004e-05,3.01555097458389e-05,2.5986747072637353e-05,2.397481847972524e-05,4.165483691606339e-05,6.101894682197519e-05,8.424511466631624e-05,7.337133960131441e-05,7.012428067605265e-05,9.322487777084414e-05,0.0001071932455351703,0.00015796328602972172,0.0002014220205563784,0.0002002713657209463,0.0002040799979298966,0.00020269626702383012,0.0002092369645180191,0.0003728755302136475,0.0005638831099891978,0.0006549836067581516
2025-06-24 00:23:21,2025_IWOOS_id5,0.06719907624061718,0.040883976221833956,0.026561437357630106,0.01866201476535842,0.01705713649874112,0.009885418094018049,0.00796682741140567,0.008385886190406755,0.004241871375086414,0.0033284087473536305,0.0028928465806879427,0.002258064886083898,0.0019494007097879337,0.0012124455234889834,0.000977773848643015,0.0007441004927355952,0.0009042533606896016,0.0008923409372026605,0.0007193752641175933,0.0005843392752612681,0.0003205354776852824,0.0003579831001309258,0.0003424808851846664,0.00023199656175661794,0.00018830282023442563,0.0001558296816566721,0.00013339401963335438,7.406012780791417e-05,8.755267948640949e-05,7.238224658182458e-05,5.321896322800423e-05,6.832570013708623e-05,7.835121324720663e-05,8.254391303343365e-05,6.432544174338787e-05,5.4199848933994635e-05,5.74087823213053e-05,4.6319096689498904e-05,4.0238996843261185e-05,5.170474726500024e-05,4.7574588201334294e-05,6.531247042540955e-05,5.833047723028977e-05,6.752944494837937e-05,9.25716572007527e-05,0.00017592439916146171,0.00018804105783489053,0.00015914352380693448,0.00019582457459361578,0.0002797369837734443,0.0005537319135106423,0.0005798389333700084,0.0004852799876946686,0.0007917140966196371,0.000875886843738098
